Hiragana,Romaji,Meaning,section,chapter
あき,秋,Autumn,1,Nouns
あさ,朝,morning,2,Nouns
あさごはん,朝ご飯,breakfast,3,Nouns
あさって,明後日,day after tomorrow,4,Nouns
あし,足,"foot, leg",5,Nouns
あした,明日,tomorrow,6,Nouns
あたま,頭,head,7,Nouns
あと,後,after,1,Nouns
あに,兄,older brother (polite),2,Nouns
あね,姉,older sister (polite),3,Nouns
アパート,,apartment,4,Nouns
あめ,雨,rain,5,Nouns
あめ,飴,(hard) candy,6,Nouns
アメリカ,,the United States,7,Nouns
いえ,家,house,1,Nouns
いざかや,居酒屋,izakaya (Japanese style restaurant),2,Nouns
いしゃ,医者,doctor,3,Nouns
いす,椅子,chair,4,Nouns
いちにち,一日,one day (duration),5,Nouns
いちばん,一番,"best, first",6,Nouns
いっしょ,一緒,together,7,Nouns
いぬ,犬,dog,1,Nouns
いま,今,now,2,Nouns
いみ,意味,meaning,3,Nouns
いもうと,妹,younger sister,4,Nouns
いりぐち,入口,entrance,5,Nouns
いろ,色,color,6,Nouns
いろいろ,,various,7,Nouns
インターネット,,internet,1,Nouns
うえ,上,above,2,Nouns
うけつけ,受付,reception (desk),3,Nouns
うしろ,後ろ,behind,4,Nouns
うた,歌,song,5,Nouns
うち,家,house (one's own),6,Nouns
うみ,海,"sea, beach",7,Nouns
うわぎ,上着,jacket,1,Nouns
え,絵,"picture, drawing",2,Nouns
えいが,映画,movie,3,Nouns
えいがかん,映画館,movie theater,4,Nouns
えいご,英語,English (language),5,Nouns
えき,駅,station,6,Nouns
エレベーター,,elevator,7,Nouns
えん,円,yen (Japanese currency),1,Nouns
えんぴつ,鉛筆,pencil,2,Nouns
おおぜい,大勢,crowd,3,Nouns
おかあさん,お母さん,mother,4,Nouns
おかし,お菓子,sweets,5,Nouns
おかね,お金,money,6,Nouns
おさけ,お酒,alcohol,7,Nouns
おじいさん,,"grandfather, old man",1,Nouns
おじさん,伯父/叔父さん,"uncle, middle-aged man",2,Nouns
おちゃ,お茶,(green) tea,3,Nouns
おっと,夫,husband,4,Nouns
おてあらい,お手洗い,"toilet, bathroom",5,Nouns
おてら,お寺,temple,6,Nouns
おとうさん,お父さん,father,7,Nouns
おとうと,弟,younger brother,1,Nouns
おとこ,男,man,2,Nouns
おとこのこ,男の子,boy,3,Nouns
おととい,一昨日,day before yesterday,4,Nouns
おととし,一昨年,year before last,5,Nouns
おとな,大人,adult,6,Nouns
おなか,お腹,stomach,7,Nouns
おなじ,同じ,same,1,Nouns
おにいさん,お兄さん,older brother (polite),2,Nouns
おねえさん,お姉さん,older sister (polite),3,Nouns
おばあさん,,"grandmother, old woman",4,Nouns
おばさん,伯母/叔母さん,"aunt, middle-aged woman",5,Nouns
おんがく,音楽,music,6,Nouns
おんな,女,woman,7,Nouns
おんなのこ,女の子,girl,1,Nouns
がいこく,外国,foreign country,2,Nouns
がいこくじん,外国人,foreigner,3,Nouns
かいしゃ,会社,"company, corporation",4,Nouns
かいだん,階段,stairs,5,Nouns
かいもの,買い物,shopping,6,Nouns
かお,顔,face (person),7,Nouns
かぎ,鍵,key,1,Nouns
がくせい,学生,student,2,Nouns
かさ,傘,umbrella,3,Nouns
かぜ,風,wind,4,Nouns
かぜ,風邪,cold (illness),5,Nouns
かぞく,家族,family,6,Nouns
カタカナ,片仮名,katakana,7,Nouns
がっこう,学校,school,1,Nouns
かてい,家庭,"home, household",2,Nouns
かど,角,"corner, edge",3,Nouns
かのじょ,彼女,girlfriend,4,Nouns
かばん,,bag,5,Nouns
かびん,花瓶,(flower) vase,6,Nouns
かみ,紙,paper,7,Nouns
カメラ,,camera,1,Nouns
からだ,体,body,2,Nouns
カレー,,curry,3,Nouns
かれし,彼氏,boyfriend,4,Nouns
カレンダー,,calendar,5,Nouns
かわ,川,river,6,Nouns
がわ,側,side,7,Nouns
かんじ,漢字,kanji,1,Nouns
き,木,tree,2,Nouns
きた,北,north,3,Nouns
ギター,,guitar,4,Nouns
きっさてん,喫茶店,coffee shop,5,Nouns
キッチン,,kitchen,6,Nouns
きって,切手,stamp (postage),7,Nouns
きっぷ,切符,ticket (transportation),1,Nouns
きのう,昨日,yesterday,2,Nouns
ぎゅうにく,牛肉,beef,3,Nouns
ぎゅうにゅう,牛乳,milk,4,Nouns
きょう,今日,today,5,Nouns
きょうしつ,教室,classroom,6,Nouns
きょうだい,兄弟,siblings,7,Nouns
きょねん,去年,last year,1,Nouns
きれい,綺麗,"pretty, clean",2,Nouns
キロ,,"kg, km",3,Nouns
ぎんこう,銀行,bank,4,Nouns
くうこう,空港,airport,5,Nouns
くすり,薬,medicine,6,Nouns
くだもの,果物,fruit,7,Nouns
くち,口,mouth,1,Nouns
くつ,靴,shoes,2,Nouns
くつした,靴下,socks,3,Nouns
くつや,靴屋,shoe store,4,Nouns
くに,国,country,5,Nouns
くもり,曇り,cloudy weather,6,Nouns
クラス,,class,7,Nouns
グラム,,gram,1,Nouns
くるま,車,car,2,Nouns
けいかん,警官,policeman,3,Nouns
けさ,今朝,this morning,4,Nouns
けしごむ,消しゴム,eraser,5,Nouns
けっこん,結婚,marriage,6,Nouns
げんかん,玄関,entranceway,7,Nouns
こうえん,公園,(public) park,1,Nouns
こうさてん,交差点,intersection,2,Nouns
こうちゃ,紅茶,black tea,3,Nouns
こうばん,交番,police box,4,Nouns
こえ,声,voice,5,Nouns
コート,,coat,6,Nouns
コーヒー,,coffee,7,Nouns
ごご,午後,"afternoon, PM",1,Nouns
ごぜん,午前,"morning, AM",2,Nouns
コップ,,cup,3,Nouns
ことし,今年,this year,4,Nouns
ことば,言葉,word,5,Nouns
こども,子供,child,6,Nouns
ごはん,御飯,"cooked rice, meal",7,Nouns
こんげつ,今月,this month,1,Nouns
こんしゅう,今週,this week,2,Nouns
こんばん,今晩,tonight,3,Nouns
コンビニ,,convenience store,4,Nouns
さいご,最後,last,5,Nouns
さいふ,財布,wallet,6,Nouns
さかな,魚,fish,7,Nouns
さき,先,"tip, ahead, first",1,Nouns
さくぶん,作文,"composition, writing",2,Nouns
サッカー,,soccer,3,Nouns
ざっかや,雑貨屋,general store,4,Nouns
ざっし,雑誌,magazine,5,Nouns
さとう,砂糖,sugar,6,Nouns
さら,皿,plate,7,Nouns
さらいねん,再来年,year after next,1,Nouns
サラダ,,salad,2,Nouns
さんぽ,散歩,"walk, stroll",3,Nouns
しお,塩,salt,4,Nouns
じかん,時間,time,5,Nouns
しごと,仕事,work,6,Nouns
じしょ,辞書,dictionary,7,Nouns
しずか,静か,quiet,1,Nouns
した,下,below,2,Nouns
しつもん,質問,question,3,Nouns
じてんしゃ,自転車,bicycle,4,Nouns
じどうしゃ,自動車,automobile,5,Nouns
しゃしん,写真,photo,6,Nouns
シャツ,,"shirt, singlet",7,Nouns
シャワー,,shower,1,Nouns
ジュース,,juice,2,Nouns
しゅうまつ,週末,weekend,3,Nouns
じゅぎょう,授業,lesson,4,Nouns
しゅくだい,宿題,homework,5,Nouns
しょうゆ,醤油,soy sauce,6,Nouns
しょくどう,食堂,cafeteria,7,Nouns
じんじゃ,神社,shrine,1,Nouns
しんぶん,新聞,newspaper,2,Nouns
スーパー,,supermarket,3,Nouns
スカート,,skirt,4,Nouns
すしや,寿司屋,sushi restaurant,5,Nouns
スプーン,,spoon,6,Nouns
スポーツ,,sport,7,Nouns
ズボン,,trousers,1,Nouns
スマホ,,mobile phone,2,Nouns
スリッパ,,slippers,3,Nouns
せ,背,height,4,Nouns
せいと,生徒,pupil,5,Nouns
セーター,,sweater,6,Nouns
せっけん,石鹸,soap,7,Nouns
せびろ,背広,business suit,1,Nouns
ゼロ,,zero,2,Nouns
せんげつ,先月,last month,3,Nouns
せんしゅう,先週,last week,4,Nouns
せんせい,先生,teacher,5,Nouns
せんたく,洗濯,"washing, laundry",6,Nouns
ぜんぶ,全部,all,7,Nouns
そうじ,掃除,cleaning,1,Nouns
そと,外,"outside, exterior",2,Nouns
そば,側,"near, close",3,Nouns
そら,空,sky,4,Nouns
だいがく,大学,university,5,Nouns
たいしかん,大使館,embassy,6,Nouns
だいじょうぶ,大丈夫,"safe, all right",7,Nouns
だいどころ,台所,kitchen,1,Nouns
タクシー,,taxi,2,Nouns
たて,縦,vertical height,3,Nouns
たてもの,建物,building,4,Nouns
タバコ,,tobacco,5,Nouns
たべもの,食べ物,food,6,Nouns
たまご,卵,egg,7,Nouns
たんじょうび,誕生日,birthday,1,Nouns
ちかてつ,地下鉄,subway,2,Nouns
ちきゅう,地球,Earth,3,Nouns
ちず,地図,map,4,Nouns
ちち,父,(one's own) father (polite),5,Nouns
ちゃいろ,茶色,brown,6,Nouns
ちゅうごく,中国,China,7,Nouns
つぎ,次,next,1,Nouns
つくえ,机,desk,2,Nouns
つま,妻,wife,3,Nouns
て,手,hand,4,Nouns
テープ,,tape,5,Nouns
テーブル,,table,6,Nouns
てがみ,手紙,letter,7,Nouns
でぐち,出口,exit,1,Nouns
デザート,,dessert,2,Nouns
テスト,,test,3,Nouns
デパート,,department store,4,Nouns
テレビ,,television,5,Nouns
てんき,天気,weather,6,Nouns
でんき,電気,"electricity, (electric) light",7,Nouns
でんしゃ,電車,train,1,Nouns
でんわ,電話,telephone,2,Nouns
と,戸,Japanese style door,3,Nouns
ドア,,door,4,Nouns
トイレ,,toilet,5,Nouns
どうぶつ,動物,animal,6,Nouns
とき,時,"time, when",7,Nouns
とけい,時計,"watch, clock",1,Nouns
ところ,所,place,2,Nouns
とし,年,"year, age",3,Nouns
としょかん,図書館,library,4,Nouns
どちらでも,,"either, whichever",5,Nouns
となり,隣,"next to, neighbor",6,Nouns
ともだち,友達,friend,7,Nouns
とり,鳥,bird,1,Nouns
とりにく,鶏肉,chicken meat,2,Nouns
ナイフ,,knife,3,Nouns
なか,中,inside,4,Nouns
なつ,夏,summer,5,Nouns
なつやすみ,夏休み,summer holiday,6,Nouns
なにも〜ない,何も〜ない,nothing 〜,7,Nouns
なまえ,名前,name,1,Nouns
にく,肉,meat,2,Nouns
にし,西,west,3,Nouns
にばん,二番,second,4,Nouns
にほん,日本,Japan,5,Nouns
にほんご,日本語,Japanese (language),6,Nouns
にほんしゅ,日本酒,sake (Japanese alcohol),7,Nouns
にもつ,荷物,luggage,1,Nouns
ニュース,,news,2,Nouns
にわ,庭,garden,3,Nouns
ネクタイ,,"tie, necktie",4,Nouns
ねこ,猫,cat,5,Nouns
ノート,,notebook,6,Nouns
のみもの,飲み物,beverage,7,Nouns
は,歯,tooth,1,Nouns
パーティー,,party,2,Nouns
はいざら,灰皿,ashtray,3,Nouns
はがき,,postcard,4,Nouns
はこ,箱,box,5,Nouns
はし,橋,bridge,6,Nouns
はし,箸,chopsticks,7,Nouns
はじめ,"初め, 始め","beginning, start",1,Nouns
バス,,bus,2,Nouns
バスてい,バス停,bus stop,3,Nouns
パソコン,,computer,4,Nouns
バター,,butter,5,Nouns
はたち,二十歳,"20 years old, 20th year",6,Nouns
はな,花,flower,7,Nouns
はな,鼻,nose,1,Nouns
はなし,話,story,2,Nouns
はなび,花火,fireworks,3,Nouns
はなや,花屋,flower shop,4,Nouns
はは,母,(one's own) mother (polite),5,Nouns
はる,春,spring,6,Nouns
はん,半,half,7,Nouns
ばん,晩,evening,1,Nouns
パン,,bread,2,Nouns
ハンカチ,,handkerchief,3,Nouns
ばんごう,番号,number,4,Nouns
ばんごはん,晩ご飯,dinner,5,Nouns
はんぶん,半分,half,6,Nouns
ビール,,beer,7,Nouns
ひがし,東,east,1,Nouns
ひこうき,飛行機,airplane,2,Nouns
ひだり,左,left (direction),3,Nouns
ひと,人,person,4,Nouns
ひとり,一人,"one person, alone",5,Nouns
びょういん,病院,hospital,6,Nouns
びょうき,病気,"illness, disease",7,Nouns
ひらがな,平仮名,hiragana,1,Nouns
ひる,昼,noon,2,Nouns
ひるごはん,昼ご飯,lunch,3,Nouns
ふうとう,封筒,envelope,4,Nouns
プール,,swimming pool,5,Nouns
フォーク,,fork,6,Nouns
ふく,服,clothes,7,Nouns
ふくや,服屋,clothing store,1,Nouns
ぶたにく,豚肉,pork,2,Nouns
ふたり,二人,two people,3,Nouns
ふゆ,冬,winter,4,Nouns
ふろ,風呂,"bath, bathroom",5,Nouns
ぶんしょう,文章,"writing, text",6,Nouns
ページ,,page,7,Nouns
ベッド,,bed,1,Nouns
ペット,,pet,2,Nouns
へや,部屋,room,3,Nouns
へん,辺,"area, side",4,Nouns
ペン,,pen,5,Nouns
べんきょう,勉強,study,6,Nouns
べんとう,弁当,bento (Japanese box lunch),7,Nouns
ほう,方,way,1,Nouns
ぼうし,帽子,hat,2,Nouns
ボールペン,,(ball-point) pen,3,Nouns
ほか,他,other,4,Nouns
ポケット,,pocket,5,Nouns
ポスト,,postbox,6,Nouns
ボタン,,button,7,Nouns
ホテル,,hotel,1,Nouns
ほん,本,book,2,Nouns
ほんだな,本棚,bookshelves,3,Nouns
ほんとう,本当,"reality, truth",4,Nouns
ほんや,本屋,book store,5,Nouns
まいあさ,毎朝,every morning,6,Nouns
まいしゅう,毎週,every week,7,Nouns
まいつき,毎月,every month,1,Nouns
まいとし,毎年,every year,2,Nouns
まいにち,毎日,every day,3,Nouns
まいばん,毎晩,every night,4,Nouns
まえ,前,"before, in front",5,Nouns
まち,町,"town, city",6,Nouns
マッチ,,match,7,Nouns
まど,窓,window,1,Nouns
みぎ,右,right (direction),2,Nouns
みず,水,water,3,Nouns
みせ,店,store,4,Nouns
みち,道,road,5,Nouns
みどり,緑,green,6,Nouns
みなと,港,port,7,Nouns
みなみ,南,south,1,Nouns
みみ,耳,ear,2,Nouns
みんな,皆,everyone,3,Nouns
むこう,向こう,"over there, other side",4,Nouns
むら,村,village,5,Nouns
め,目,eye,6,Nouns
メートル,,meter,7,Nouns
めがね,眼鏡,glasses,1,Nouns
メモ,,memo,2,Nouns
もの,物,thing,3,Nouns
もんだい,問題,"problem, question",4,Nouns
やさい,野菜,vegetable,5,Nouns
やじるし,矢印,arrow (sign),6,Nouns
やすみ,休み,"rest, vacation",7,Nouns
やま,山,mountain,1,Nouns
ゆうがた,夕方,evening,2,Nouns
ゆうはん,夕飯,dinner,3,Nouns
ゆうびんきょく,郵便局,post office,4,Nouns
ゆうべ,"昨夜, 夕べ",last night,5,Nouns
ゆき,雪,snow,6,Nouns
ようふく,洋服,Western-style clothes,7,Nouns
よこ,横,"side, horizontal",1,Nouns
よる,夜,"evening, night",2,Nouns
ラーメン,,ramen,3,Nouns
らいげつ,来月,next month,4,Nouns
らいしゅう,来週,next week,5,Nouns
らいねん,来年,next year,6,Nouns
ラジオ,,radio,7,Nouns
りゅうがくせい,留学生,exchange student,1,Nouns
りょうしん,両親,parents,2,Nouns
りょうり,料理,"cooking, cuisine",3,Nouns
りょこう,旅行,travel,4,Nouns
れい,零,zero,5,Nouns
れいぞうこ,冷蔵庫,refrigerator,6,Nouns
レストラン,,restaurant,7,Nouns
れんしゅう,練習,"practice, training",1,Nouns
ろうか,廊下,corridor,2,Nouns
ワイシャツ,,business shirt,3,Nouns
ワイン,,wine,4,Nouns
げつようび,月曜日,Monday,5,Nouns
かようび,火曜日,Tuesday,6,Nouns
すいようび,水曜日,Wednesday,7,Nouns
もくようび,木曜日,Thursday,1,Nouns
きんようび,金曜日,Friday,2,Nouns
どようび,土曜日,Saturday,3,Nouns
にちようび,日曜日,Sunday,4,Nouns
いちがつ,一月,January,5,Nouns
にがつ,二月,February,6,Nouns
さんがつ,三月,March,7,Nouns
しがつ,四月,April,1,Nouns
ごがつ,五月,May,2,Nouns
ろくがつ,六月,June,3,Nouns
"しちがつ, なながつ",七月,July,4,Nouns
はちがつ,八月,August,5,Nouns
くがつ,九月,September,6,Nouns
じゅうがつ,十月,October,7,Nouns
じゅういちがつ,十一月,November,1,Nouns
じゅうにがつ,十二月,December,2,Nouns
あう,会う,to meet,1,Verbs
あく,開く,to (be) open,2,Verbs
あける,開ける,to open (something),3,Verbs
あげる,上げる,"to raise, to lift up",1,Verbs
あそぶ,遊ぶ,to play,2,Verbs
あびる,浴びる,"to bathe in, to shower",3,Verbs
あらう,洗う,to wash,1,Verbs
ある,,"to be, to have",2,Verbs
あるく,歩く,to walk,3,Verbs
いう,言う,to say,1,Verbs
いく,行く,to go,2,Verbs
いる,,"to be (people, animals)",3,Verbs
いる,要る,to need,1,Verbs
いれる,入れる,to put in,2,Verbs
うたう,歌う,to sing,3,Verbs
うまれる,生まれる,to be born,1,Verbs
うる,売る,to sell,2,Verbs
おきる,起きる,"to wake up, to happen",3,Verbs
おく,置く,"to put down, to place",1,Verbs
おしえる,教える,"to teach, to inform",2,Verbs
おす,押す,"to push, to press",3,Verbs
おぼえる,覚える,to memorize,1,Verbs
およぐ,泳ぐ,to swim,2,Verbs
おりる,降りる,to get off,3,Verbs
おわる,終わる,to end,1,Verbs
かう,買う,to buy,2,Verbs
かえす,返す,to return something,3,Verbs
かえる,帰る,to return home,1,Verbs
かかる,,"to take (time, money)",2,Verbs
かく,書く,to write,3,Verbs
かける,,"to wear (glasses, etc.)",1,Verbs
かす,貸す,to lend,2,Verbs
かぶる,被る,"to wear, to put on (hat)",3,Verbs
かりる,借りる,to borrow,1,Verbs
きえる,消える,to disappear,2,Verbs
きく,聞く,"to hear, to ask",3,Verbs
きる,切る,to cut,1,Verbs
きる,着る,"to wear, to put on (clothing)",2,Verbs
ください,,please,3,Verbs
くる,来る,to come,1,Verbs
けす,消す,"to erase, to turn off (power)",2,Verbs
こたえる,答える,to answer,3,Verbs
コピーする,,to make a copy,1,Verbs
こまる,困る,"to be troubled, to be annoyed",2,Verbs
さく,咲く,to bloom,3,Verbs
しぬ,死ぬ,to die,1,Verbs
しまる,閉まる,to be closed,2,Verbs
しめる,閉める,to close something,3,Verbs
しめる,締める,to tighten,1,Verbs
しる,知る,to know,2,Verbs
すう,吸う,"to smoke, to inhale",3,Verbs
すむ,住む,to live (to reside),1,Verbs
する,,to do,2,Verbs
すわる,座る,to sit,3,Verbs
だす,出す,"to take out, to hand out",1,Verbs
たつ,立つ,to stand,2,Verbs
たのむ,頼む,to request,3,Verbs
たべる,食べる,to eat,1,Verbs
ちがう,違う,to be different,2,Verbs
つかう,使う,to use,3,Verbs
つかれる,疲れる,to get tired,1,Verbs
つく,着く,to arrive at,2,Verbs
つくる,作る,"to make, to create",3,Verbs
つける,,to turn on (power),1,Verbs
つとめる,勤める,to work for,2,Verbs
でかける,出かける,to go out,3,Verbs
できる,出来る,to be able to,1,Verbs
でる,出る,"to leave, go out",2,Verbs
とぶ,飛ぶ,to fly,3,Verbs
とまる,止まる,to (come to a) stop,1,Verbs
とる,取る,to take,2,Verbs
とる,撮る,to take a picture,3,Verbs
なく,鳴く,to make sound (animal),1,Verbs
なくす,無くす,to lose something,2,Verbs
ならう,習う,to learn,3,Verbs
ならぶ,並ぶ,to be lined up,1,Verbs
ならべる,並べる,to line something up,2,Verbs
なる,成る,to become,3,Verbs
ぬぐ,脱ぐ,to take off clothes,1,Verbs
ねる,寝る,to sleep,2,Verbs
のぼる,登る,to climb,3,Verbs
のむ,飲む,to drink,1,Verbs
のる,乗る,"to get on, to ride",2,Verbs
はいる,入る,to enter,3,Verbs
はく,履く,"to wear, to put on (trousers, shoes)",1,Verbs
はじまる,始まる,to begin,2,Verbs
はしる,走る,to run,3,Verbs
はたらく,働く,to work,1,Verbs
はなす,話す,"to speak, to talk",2,Verbs
はる,貼る,to paste,3,Verbs
はれ,晴れ,"clear weather, sunny",1,Verbs
ひく,引く,to pull,2,Verbs
ひく,弾く,to play (musical instrument),3,Verbs
ふく,吹く,"to blow (wind, breath)",1,Verbs
ふる,降る,"to fall (rain, snow)",2,Verbs
まがる,曲がる,"to turn, to bend",3,Verbs
まつ,待つ,to wait,1,Verbs
みがく,磨く,to brush (teeth),2,Verbs
みせる,見せる,to show,3,Verbs
みる,見る,to see,1,Verbs
もつ,持つ,"to hold, to carry, to possess",2,Verbs
やすむ,休む,"to rest, to take a day off",3,Verbs
やる,,to do,1,Verbs
よぶ,呼ぶ,to call (out),2,Verbs
よむ,読む,to read,3,Verbs
わかる,分かる,to understand,1,Verbs
わすれる,忘れる,to forget,2,Verbs
わたす,渡す,to hand over,3,Verbs
わたる,渡る,to cross over,1,Verbs
あおい,青い,blue,1,Adjectives
あかい,赤い,red,2,Adjectives
あかるい,明るい,"bright, cheerful",3,Adjectives
あたたかい,"暖かい, 温かい",warm,1,Adjectives
あたらしい,新しい,new,2,Adjectives
あつい,暑い,hot (weather),3,Adjectives
あつい,熱い,hot (to the touch),1,Adjectives
あつい,厚い,thick,2,Adjectives
あぶない,危ない,dangerous,3,Adjectives
あまい,甘い,sweet,1,Adjectives
あまり〜ない,,"not much, not very",2,Adjectives
"いい, よい",良い,good,3,Adjectives
いそがしい,忙しい,busy,1,Adjectives
いたい,痛い,painful,2,Adjectives
いや,嫌,"disliking, unpleasant",3,Adjectives
うすい,薄い,"thin, faint",1,Adjectives
うるさい,,noisy,2,Adjectives
おいしい,美味しい,delicious,3,Adjectives
おおい,多い,many,1,Adjectives
おおきい,大きい,big,2,Adjectives
おそい,遅い,"late, slow",3,Adjectives
おもい,重い,heavy,1,Adjectives
おもしろい,面白い,"interesting, amusing",2,Adjectives
からい,辛い,spicy,3,Adjectives
かるい,軽い,light,1,Adjectives
かわいい,可愛い,cute,2,Adjectives
きいろい,黄色い,yellow,3,Adjectives
きたない,汚い,dirty,1,Adjectives
きらい,嫌い,hate,2,Adjectives
くらい,暗い,dark,3,Adjectives
くろい,黒い,black,1,Adjectives
げんき,元気,"healthy, energetic",2,Adjectives
さむい,寒い,cold (weather),3,Adjectives
じょうず,上手,good at,1,Adjectives
じょうぶ,丈夫,sturdy,2,Adjectives
しろい,白い,white,3,Adjectives
すき,好き,like,1,Adjectives
すくない,少ない,few,2,Adjectives
すずしい,涼しい,"cool, refreshing",3,Adjectives
せまい,狭い,narrow,1,Adjectives
だいすき,大好き,like very much,2,Adjectives
たいせつ,大切,important,3,Adjectives
たかい,高い,"tall, high, expensive",1,Adjectives
たくさん,,a lot,2,Adjectives
たのしい,楽しい,fun,3,Adjectives
ちいさい,小さい,small,1,Adjectives
ちかい,近い,"near, close",2,Adjectives
つまらない,,boring,3,Adjectives
つめたい,冷たい,cold (to the touch),1,Adjectives
つよい,強い,strong,2,Adjectives
とおい,遠い,"far, distant",3,Adjectives
ない,無い,"there isn't, doesn't have",1,Adjectives
ながい,長い,long,2,Adjectives
にぎやか,,"bustling, busy",3,Adjectives
はやい,早い,early,1,Adjectives
はやい,速い,quick,2,Adjectives
ひくい,低い,low,3,Adjectives
ひま,暇,free time,1,Adjectives
ひろい,広い,spacious,2,Adjectives
ふとい,太い,fat,3,Adjectives
ふるい,古い,"old (thing), ancient",1,Adjectives
へた,下手,"unskillful, bad at",2,Adjectives
べんり,便利,convenient,3,Adjectives
ほしい,欲しい,want,1,Adjectives
ほそい,細い,thin,2,Adjectives
まずい,,bad (taste),3,Adjectives
まるい,丸い/円い,round,1,Adjectives
みじかい,短い,short,2,Adjectives
むずかしい,難しい,difficult,3,Adjectives
やさしい,易しい,easy,1,Adjectives
やすい,安い,cheap,2,Adjectives
ゆうめい,有名,famous,3,Adjectives
よわい,弱い,weak,1,Adjectives
りっぱ,立派,splendid,2,Adjectives
わかい,若い,young,3,Adjectives
わるい,悪い,bad,1,Adjectives
ありがとうございます,,thank you (polite),1,Everyday Expressions
いってきます,,"I'm going, I'm off",1,Everyday Expressions
おねがいします,,please,1,Everyday Expressions
おはようございます,,good morning,1,Everyday Expressions
おやすみなさい,,good night,1,Everyday Expressions
ごめんなさい,,sorry,1,Everyday Expressions
こんにちは,,"good afternoon, hello",1,Everyday Expressions
こんばんは,,good evening,1,Everyday Expressions
さようなら,,goodbye,1,Everyday Expressions
すみません,,sorry,1,Everyday Expressions
どういたしまして,,you're welcome,1,Everyday Expressions
はじめまして,,nice to meet you,1,Everyday Expressions
いいえ,,no,1,Everyday Expressions
ええ,,yes,1,Everyday Expressions
はい,,yes,1,Everyday Expressions
もしもし,,hello (on the phone),1,Everyday Expressions
いくらでも,,as much as you want,1,Adverbs
いつか,,someday,1,Adverbs
いつでも,,"anytime, whenever",1,Adverbs
いつも,,always,1,Adverbs
けっこう,結構,"fine, sufficient",1,Adverbs
すぐに,,immediately,1,Adverbs
すこし,少し,a little,1,Adverbs
たいへん,大変,"serious, tough",1,Adverbs
だけ,,only,1,Adverbs
たぶん,多分,"probably, maybe",1,Adverbs
だんだん,,gradually,1,Adverbs
ちょうど,丁度,exactly,1,Adverbs
ちょっと,,a little,1,Adverbs
どうぞ,,"please, by all means",1,Adverbs
どうも,,thank you,1,Adverbs
ときどき,時々,sometimes,1,Adverbs
どこか,,somewhere,1,Adverbs
どこでも,,"anywhere, everywhere",1,Adverbs
どこも〜ない,,nowhere 〜,1,Adverbs
とても,,very,1,Adverbs
どれでも,,"any, whichever",1,Adverbs
～など,,et cetera,1,Adverbs
なんでも,何でも,"anything, whatever",1,Adverbs
はじめて,初めて,for the first time,1,Adverbs
ほんとうに,本当に,really,1,Adverbs
また,,again,1,Adverbs
まだ,,"yet, still",1,Adverbs
まっすぐ,真っ直ぐ,straight (ahead),1,Adverbs
もう,,already,1,Adverbs
もっと,,more,1,Adverbs
ゆっくり,,slowly,1,Adverbs
よく,,"often, well",1,Adverbs
いち,一,one,1,Numbers
に,二,two,1,Numbers
さん,三,three,1,Numbers
"し, よん",四,four,1,Numbers
ご,五,five,1,Numbers
ろく,六,six,1,Numbers
"しち, なな",七,seven,1,Numbers
はち,八,eight,1,Numbers
"く, きゅう",九,nine,1,Numbers
じゅう,十,ten,1,Numbers
ひゃく,百,hundred,1,Numbers
せん,千,thousand,1,Numbers
まん,万,ten thousand,1,Numbers
ひとつ,一つ,one thing,1,Counters
ふたつ,二つ,two,1,Counters
みっつ,三つ,three things,1,Counters
よっつ,四つ,four things,1,Counters
いつつ,五つ,five things,1,Counters
むっつ,六つ,six things,1,Counters
ななつ,七つ,seven things,1,Counters
やっつ,八つ,eight things,1,Counters
ここのつ,九つ,nine things,1,Counters
ついたち,一日,the first day of the month,1,Counters
ふつか,二日,"two days, the second day",1,Counters
みっか,三日,"three days, the third day",1,Counters
よっか,四日,"four days, the fourth day",1,Counters
いつか,五日,"five days, the fifth day",1,Counters
むいか,六日,"six days, the sixth day",1,Counters
なのか,七日,"seven days, the seventh day",1,Counters
ようか,八日,"eight days, the eighth day",1,Counters
ここのか,九日,"nine days, the ninth day",1,Counters
とおか,十日,"ten days, the tenth day",1,Counters
はつか,二十日,"twenty days, the twentieth day",1,Counters
～かげつ,～ヶ月,counter for months,1,Counters
～かい,～回,counter for number of times,1,Counters
～かい,～階,counter for floors,1,Counters
～こ,～個,counter for small objects,1,Counters
～さい,"～歳, 〜才",～ years old,1,Counters
～さつ,～冊,counter for books,1,Counters
～じ,〜時,～ o'clock,1,Counters
～しゅうかん,～週間,counter for weeks,1,Counters
～にん,～人,counter for people,1,Counters
～だい,～台,counter for big objects,1,Counters
～にち,～日,"for ～ days, the ～th day",1,Counters
～ねん,～年,counter for years,1,Counters
～はい,～杯,counter for cups (drinks),1,Counters
～ひき,～匹,counter for small animals,1,Counters
～ふん,～分,～ minutes,1,Counters
～ほん,～本,counter for cylindrical objects,1,Counters
～まい,～枚,counter for flat objects,1,Counters
しかし,,"however, but",1,Conjunctions
そして,,and,1,Conjunctions
それから,,"and then, after that",1,Conjunctions
では,,well then,1,Conjunctions
でも,,but,1,Conjunctions
じぶん,自分,"myself, oneself",1,Pronouns
わたし,私,"I, me",1,Pronouns
わたしたち,私達,"we, us",1,Pronouns
おれ,俺,"I, me (male, casual)",1,Pronouns
ぼく,僕,"I, me (male)",1,Pronouns
あなた,,you,1,Pronouns
あなたたち,,you (plural),1,Pronouns
きみ,君,you (casual),1,Pronouns
きみたち,君たち,"you (plural, casual)",1,Pronouns
かれ,彼,"he, him",1,Pronouns
かれら,彼ら,"they, them (male or mixed)",1,Pronouns
かのじょ,彼女,"she, her",1,Pronouns
かのじょたち,彼女たち,"they, them (female)",1,Pronouns
だれか,誰か,someone,1,Pronouns
だれでも,誰でも,anyone,1,Pronouns
だれも〜ない,誰も〜ない,nobody 〜,1,Pronouns
いくつ,,"how many, how old",1,Question Words
いくら,,"how much (cost, price)",1,Question Words
いつ,,when,1,Question Words
だれ,誰,who,1,Question Words
どう,,how,1,Question Words
どうして,,why,1,Question Words
どこ,,where,1,Question Words
"どちら, どっち",,"which one, which way",1,Question Words
どなた,,who (polite),1,Question Words
どの～,,which～ (of three or more),1,Question Words
どのくらい,,how much,1,Question Words
どれ,,which thing (of three or more),1,Question Words
どんな,,what kind of,1,Question Words
なぜ,,why (polite),1,Question Words
"なん, なに",何,what,1,Question Words
なんで,,why (casual),1,Question Words
あそこ,,that place over there,1,Demonstratives
"あちら, あっち",,that way,1,Demonstratives
あの～,,that～ (over there),1,Demonstratives
あれ,,that thing (over there),1,Demonstratives
ここ,,"this place, here",1,Demonstratives
"こちら, こっち",,this way,1,Demonstratives
この〜,,this〜 (close to the speaker),1,Demonstratives
これ,,this thing (close to the speaker),1,Demonstratives
こんな,,this sort of,1,Demonstratives
そこ,,that place,1,Demonstratives
"そちら, そっち",,over there,1,Demonstratives
その～,,that～ (close to the listener),1,Demonstratives
それ,,that thing (close to the listener),1,Demonstratives
