Japanese sentence,Romaji,Meaning,section,chapter
人,ひと,person,N5,1
一,いち,one,N5,1
日,ひ,day/sun,N5,1
大,おおきい,big,N5,1
年,とし,year,N5,1
中,なか,inside,N5,1
子,こ,child,N5,1
見,みる,to see,N5,1
国,くに,country,N5,1
上,うえ,above,N5,1
分,わかる,to understand,N5,1
生,いきる,to live,N5,1
行,いく,to go,N5,1
二,に,two,N5,1
間,あいだ,between,N5,1
時,とき,time,N5,1
気,き,spirit/feeling,N5,1
十,じゅう,ten,N5,1
女,おんな,woman,N5,1
三,さん,three,N5,1
前,まえ,front/before,N5,1
入,はいる,to enter,N5,1
小,ちいさい,small,N5,1
後,あと,after/behind,N5,1
長,ながい,long,N5,1
下,した,below,N5,1
学,まなぶ,to learn,N5,1
月,つき,moon/month,N5,1
何,なに,what,N5,1
来,くる,to come,N5,1
話,はなす,to speak,N5,1
山,やま,mountain,N5,1
高,たかい,high/expensive,N5,1
今,いま,now,N5,1
書,かく,to write,N5,1
五,ご,five,N5,1
名,な,name,N5,1
金,かね,money/gold,N5,1
男,おとこ,man,N5,1
外,そと,outside,N5,1
四,よん,four,N5,1
先,さき,ahead/previous,N5,1
川,かわ,river,N5,1
東,ひがし,east,N5,1
聞,きく,to listen/hear,N5,1
語,ご,language/word,N5,1
九,きゅう,nine,N5,1
食,たべる,to eat,N5,1
八,はち,eight,N5,1
水,みず,water,N5,1
天,てん,heaven/sky,N5,1
木,き,tree/wood,N5,1
六,ろく,six,N5,1
万,まん,ten thousand,N5,1
白,しろ,white,N5,1
七,なな,seven,N5,1
円,えん,yen/circle,N5,1
電,でん,electricity,N5,1
父,ちち,father,N5,1
北,きた,north,N5,1
車,くるま,car,N5,1
母,はは,mother,N5,1
半,はん,half,N5,1
百,ひゃく,hundred,N5,1
土,つち,soil/earth,N5,1
西,にし,west,N5,1
読,よむ,to read,N5,1
千,せん,thousand,N5,1
校,こう,school (suffix),N5,1
右,みぎ,right,N5,1
南,みなみ,south,N5,1
左,ひだり,left,N5,1
友,とも,friend,N5,1
火,ひ,fire,N5,1
毎,まい,every,N5,1
雨,あめ,rain,N5,1
休,やすむ,to rest,N5,1
午,うま,noon (sign),N5,1
言,いう,to say,N4,1
手,て,hand,N4,1
自,みずから,self,N4,1
者,もの,person (professional),N4,1
事,こと,thing/matter,N4,1
思,おもう,to think,N4,1
会,あう,to meet,N4,1
家,いえ,house,N4,1
的,てき,target/suffix -ish,N4,1
方,かた,direction/person,N4,1
地,ち,ground/earth,N4,1
目,め,eye,N4,1
場,ば,place,N4,1
代,かわる,substitute/generation,N4,1
私,わたし,I/me,N4,1
立,たつ,to stand,N4,1
物,もの,thing,N4,1
田,た,rice field,N4,1
体,からだ,body,N4,1
動,うごく,to move,N4,1
社,やしろ,shrine/company,N4,1
知,しる,to know,N4,1
理,り,reason/logic,N4,1
同,おなじ,same,N4,1
心,こころ,heart/mind,N4,1
発,たつ,departure/emit,N4,1
作,つくる,to make,N4,1
新,あたらしい,new,N4,1
世,よ,world/generation,N4,1
度,たび,degree/time,N4,1
明,あかるい,bright,N4,1
力,ちから,power,N4,1
意,い,intention,N4,1
用,もちいる,to use,N4,1
主,ぬし,master/main,N4,1
通,とおる,to pass through,N4,1
文,ふみ,sentence/text,N4,1
屋,や,shop/roof,N4,1
業,わざ,business/art,N4,1
持,もつ,to hold,N4,1
道,みち,way/road,N4,1
身,み,body/self,N4,1
不,ふ,not/negative prefix,N4,1
口,くち,mouth,N4,1
多,おおい,many,N4,1
野,の,field,N4,1
考,かんがえる,to think,N4,1
開,あける,to open,N4,1
教,おしえる,to teach,N4,1
近,ちかい,near,N4,1
以,い,prefix for limits,N4,1
問,とう,question,N4,1
正,ただしい,correct,N4,1
真,ま,truth/pure,N4,1
味,あじ,taste,N4,1
界,かい,world/boundary,N4,1
無,ない,nothing,N4,1
少,すくない,few/little,N4,1
海,うみ,sea,N4,1
切,きる,to cut,N4,1
重,おもい,heavy,N4,1
集,あつまる,to gather,N4,1
員,いん,member,N4,1
公,こう,public,N4,1
画,が,picture/stroke,N4,1
死,しぬ,to die,N4,1
安,やすい,cheap/peaceful,N4,1
親,おや,parent/close,N4,1
強,つよい,strong,N4,1
使,つかう,to use,N4,1
朝,あさ,morning,N4,1
題,だい,topic,N4,1
仕,つかえる,to serve,N4,1
京,きょう,capital,N4,1
足,あし,foot/leg,N4,1
品,しな,item/goods,N4,1
着,きる,to wear/arrive,N4,1
別,わかれ,separate,N4,1
音,おと,sound,N4,1
元,もと,origin,N4,1
特,とく,special,N4,1
風,かぜ,wind/style,N4,1
夜,よる,night,N4,1
空,そら,sky,N4,1
有,ある,to exist/have,N4,1
起,おきる,to wake up,N4,1
運,はこぶ,to carry/luck,N4,1
料,りょう,fee/material,N4,1
楽,たのしい,fun/easy,N4,1
色,いろ,color,N4,1
帰,かえる,to return,N4,1
歩,あるく,to walk,N4,1
悪,わるい,bad,N4,1
広,ひろい,wide,N4,1
店,みせ,shop,N4,1
町,まち,town,N4,1
住,すむ,to live/dwell,N4,1
売,うる,to sell,N4,1
待,まつ,to wait,N4,1
古,ふるい,old,N4,1
始,はじめる,to start,N4,1
終,おわる,to end,N4,1
計,はかる,to measure,N4,1
院,いん,institution/hospital,N4,1
送,おくる,to send,N4,1
族,ぞく,tribe/family,N4,1
映,うつす,reflection/projection,N4,1
買,かう,to buy,N4,1
病,やまい,illness,N4,1
早,はやい,early,N4,1
質,しつ,quality/matter,N4,1
台,だい,stand/platform,N4,1
室,しつ,room,N4,1
可,か,possible/can,N4,1
建,たてる,to build,N4,1
転,ころぶ,to roll/turn,N4,1
医,いしゃ,doctor/medicine,N4,1
止,とまる,to stop,N4,1
字,じ,character/letter,N4,1
工,こう,construction/craft,N4,1
急,いそぐ,to hurry,N4,1
図,はか,diagram/map,N4,1
黒,くろ,black,N4,1
花,はな,flower,N4,1
英,えい,England/superb,N4,1
走,はしる,to run,N4,1
青,あお,blue,N4,1
答,こたえ,answer,N4,1
紙,かみ,paper,N4,1
歌,うた,song,N4,1
注,そそぐ,pour/note,N4,1
赤,あか,red,N4,1
春,はる,spring,N4,1
館,かん,hall/building,N4,1
旅,たび,travel,N4,1
験,ためす,test/exam,N4,1
写,うつす,to copy/photograph,N4,1
去,さる,to leave/past,N4,1
研,とぐ,to polish/research,N4,1
飲,のむ,to drink,N4,1
肉,にく,meat,N4,1
服,ふく,clothes,N4,1
銀,ぎん,silver,N4,1
茶,ちゃ,tea,N4,1
究,きわめる,research/extreme,N4,1
洋,よう,ocean/western,N4,1
兄,あに,older brother,N4,1
秋,あき,autumn,N4,1
堂,どう,hall,N4,1
週,しゅう,week,N4,1
習,ならう,to learn,N4,1
試,こころみる,to try/test,N4,1
夏,なつ,summer,N4,1
弟,おとうと,younger brother,N4,1
鳥,とり,bird,N4,1
犬,いぬ,dog,N4,1
夕,ゆう,evening,N4,1
魚,さかな,fish,N4,1
借,かりる,to borrow,N4,1
飯,めし,meal/rice,N4,1
駅,えき,station,N4,1
昼,ひる,daytime/noon,N4,1
冬,ふゆ,winter,N4,1
姉,あね,older sister,N4,1
曜,よう,day of week,N4,1
漢,かん,China/Han,N4,1
牛,うし,cow,N4,1
妹,いもうと,younger sister,N4,1
貸,かす,to lend,N4,1
勉,つとめる,exertion,N4,1
学生,がくせい,student,N5,2
日本人,にほんじん,Japanese person,N5,3
会社,かいしゃ,company,N4,2
仕事,しごと,work/job,N4,2
電話,でんわ,telephone,N5,2
電車,でんしゃ,train,N5,2
時間,じかん,time,N5,2
毎日,まいにち,every day,N5,2
名前,なまえ,name,N5,2
学校,がっこう,school,N5,2
先生,せんせい,teacher,N5,2
会話,かいわ,conversation,N4,2
自動車,じどうしゃ,automobile,N4,3
図書館,としょかん,library,N4,3
料理,りょうり,cooking,N4,2
旅行,りょこう,travel,N4,2
食事,しょくじ,meal,N4,2
注意,ちゅうい,caution,N4,2
勉強,べんきょう,study,N4,2
教室,きょうしつ,classroom,N4,2
世界,せかい,world,N4,2
病院,びょういん,hospital,N4,2
外国人,がいこくじん,foreigner,N5,3
地下鉄,ちかてつ,subway,N4,3
質問,しつもん,question,N4,2
意味,いみ,meaning,N4,2
運動,うんどう,exercise,N4,2
気分,きぶん,mood,N5,2
天気,てんき,weather,N5,2
電気,でんき,electricity,N5,2
新聞,しんぶん,newspaper,N4,2
予定,よてい,plan,N4,2
場所,ばしょ,place,N4,2
開始,かいし,start,N4,2
目的,もくてき,purpose,N4,2
兄弟,きょうだい,siblings,N4,2
姉妹,しまい,sisters,N4,2
今週,こんしゅう,this week,N4,2
来週,らいしゅう,next week,N4,2
先週,せんしゅう,last week,N4,2
毎週,まいしゅう,every week,N4,2
東京,とうきょう,Tokyo,N4,2
出口,でぐち,exit,N4,2
入口,いりぐち,entrance,N4,2
上手,じょうず,skillful,N4,2
下手,へた,unskillful,N4,2
建物,たてもの,building,N4,2
牛肉,ぎゅうにく,beef,N4,2
朝食,ちょうしょく,breakfast,N4,2
昼食,ちゅうしょく,lunch,N4,2
夕食,ゆうしょく,dinner,N4,2
時計,とけい,clock/watch,N4,2
自分,じぶん,oneself,N4,2
本屋,ほんや,bookstore,N4,2
肉屋,にくや,butcher shop,N4,2
花屋,はなや,flower shop,N4,2
魚屋,さかなや,fish shop,N4,2
店員,てんいん,shop assistant,N4,2
会員,かいいん,member,N4,2
公立,こうりつ,public institution,N4,2
安心,あんしん,relief,N4,2
安全,あんぜん,safety,N4,2
正月,しょうがつ,New Year,N5,2
去年,きょねん,last year,N5,2
大学,だいがく,university,N5,2
中学生,ちゅうがくせい,junior high student,N5,3
小学生,しょうがくせい,elementary student,N5,3
高校生,こうこうせい,high school student,N5,3
名前,なまえ,name,N5,2
右足,みぎあし,right foot,N4,2
左足,ひだりあし,left foot,N4,2
空気,くうき,air,N4,2
意見,いけん,opinion,N4,2
用意,ようい,preparation,N4,2
水道,すいどう,water supply,N4,2
作文,さくぶん,composition,N4,2
発音,はつおん,pronunciation,N4,2
文字,もじ,character/letter,N4,2
漢字,かんじ,Kanji,N4,2
地図,ちず,map,N4,2
地方,ちほう,region,N4,2
土地,とち,land,N4,2
地下,ちか,underground,N4,2
山道,やまみち,mountain road,N4,2
読書,どくしょ,reading,N5,2
見物,けんぶつ,sightseeing,N5,2
特急,とっきゅう,limited express,N4,2
急行,きゅうこう,express,N4,2
工場,こうじょう,factory,N4,2
会合,かいごう,meeting,N4,2
