Kanji,Japanese Sentence,Romaji,Meaning
一,私は一つ買います。,Watashi wa hitotsu kaimasu.,I will buy one.
二,二時です。,Niji desu.,It is two o'clock.
三,三人います。,Sannin imasu.,There are three people.
四,四個ください。,Yonko kudasai.,Please give me four pieces.
五,五月生まれです。,Gogatsu umare desu.,I was born in May (the fifth month).
六,六匹の猫。,Rokuhiki no neko.,Six cats.
七,七曜日あります。,Nanayōbi arimasu.,There are seven days of the week.
八,八十円です。,Hachijūen desu.,It is eighty yen.
九,九時に寝ます。,Kuji ni nemasu.,I go to bed at nine o'clock.
十,十個入りです。,Jūkairi desu.,It contains ten pieces.
百,これは百円です。,Kore wa hyakuen desu.,This is one hundred yen.
千,千円札です。,Sen'ensatsu desu.,It is a one thousand yen bill.
万,一万円あります。,Ichi man en arimasu.,I have ten thousand yen.
円,五百円玉。,Gohyakuendama.,A five hundred yen coin.
年,来年行きます。,Rainen ikimasu.,I will go next year.
月,今月は何月ですか。,Kongetsu wa nan gatsu desu ka.,What month is it this month?
日,明日は休みです。,Ashita wa yasumi desu.,Tomorrow is a day off.
時,何時ですか。,Nan ji desu ka.,What time is it?
分,五分待ってください。,Gofun matte kudasai.,Please wait five minutes.
週,先週、旅行しました。,"Sen shū, ryokō shimashita.",I traveled last week.
人,あの人は誰ですか。,Ano hito wa dare desu ka.,Who is that person?
名,お名前は何ですか。,O-namae wa nan desu ka.,What is your name?
子,子どもがいます。,Kodomo ga imasu.,I have a child.
女,女の子。,Onna no ko.,A girl (female child).
男,男の人。,Otoko no hito.,A man (male person).
先,先生、おはようございます。,"Sensei, ohayō gozaimasu.","Good morning, teacher."
生,(See 先 for 生 example),,
私,私は学生です。,Watashi wa gakusei desu.,I am a student.
父,父は会社員です。,Chichi wa kaishain desu.,My father is an office worker.
母,母は家にいます。,Haha wa ie ni imasu.,My mother is at home.
友,友だちと会います。,Tomodachi to aimasu.,I will meet a friend.
彼,彼は私の兄です。,Kare wa watashi no ani desu.,He is my older brother.
彼女,彼女は医者です。,Kanojo wa isha desu.,She is a doctor.
学,学生です。,Gakusei desu.,I am a student (learning person).
校,学校へ行きます。,Gakkō e ikimasu.,I will go to school.
大,大きい犬。,Ōkii inu.,A big dog.
小,小さい猫。,Chīsai neko.,A small cat.
中,箱の中にあります。,Hako no naka ni arimasu.,It is inside the box.
本,本を読みます。,Hon o yomimasu.,I read a book.
語,日本語を話します。,Nihongo o hanashimasu.,I speak Japanese (language).
何,何をしますか。,Nani o shimasu ka.,What will you do?
山,富士山に登ります。,Fujisan ni noborimasu.,I will climb Mt. Fuji.
川,この川は長いです。,Kono kawa wa nagai desu.,This river is long.
花,花が咲いています。,Hana ga saite imasu.,Flowers are blooming.
草,草の上で寝ます。,Kusa no ue de nemasu.,I will sleep on the grass.
木,木の下にいます。,Ki no shita ni imasu.,I am under the tree.
林,林の中を歩きます。,Hayashi no naka o arukimasu.,I will walk in the wood (copse).
森,森は静かです。,Mori wa shizuka desu.,The forest is quiet.
天,天気がいいです。,Tenki ga ii desu.,The weather (sky-spirit) is good.
空,空が青いです。,Sora ga aoi desu.,The sky is blue.
気,気持ちがいいです。,Kimochi ga ii desu.,I feel good (spirit/feeling is good).
雨,雨が降っています。,Ame ga futte imasu.,It is raining.
雪,雪が降りました。,Yuki ga furimashita.,It snowed.
火,火をつけます。,Hi o tsukemasu.,I will light the fire.
水,水を飲みます。,Mizu o nomimasu.,I will drink water.
土,土の色は茶色です。,Tsuchi no iro wa chairo desu.,The color of the soil/earth is brown.
風,風が強いです。,Kaze ga tsuyoi desu.,The wind is strong.
上,机の上にあります。,Tsukue no ue ni arimasu.,It is on (above) the desk.
下,いすの下にいます。,Isu no shita ni imasu.,I am under the chair.
左,左へ曲がってください。,Hidari e magatte kudasai.,Please turn left.
右,右の手。,Migi no te.,The right hand.
東,東の空。,Higashi no sora.,The east sky.
西,西の窓。,Nishi no mado.,The west window.
南,南へ行きます。,Minami e ikimasu.,I will go south.
北,北の国。,Kita no kuni.,A northern country.
外,外で遊びます。,Soto de asobimasu.,I will play outside.
前,駅の前に店があります。,Eki no mae ni mise ga arimasu.,There is a shop in front of the station.
後,後ろを見てください。,Ushiro o mite kudasai.,Please look behind.
間,間違いを探します。,Machigai o sagashimasu.,I will look for a mistake (interval/mistake).
行,どこへ行きますか。,Doko e ikimasu ka.,Where are you going?
来,毎日来ます。,Mainichi kimasu.,I come every day.
出,部屋を出ます。,Heya o demasu.,I go out of the room.
入,お風呂に入ります。,O-furo ni hairimasu.,I enter the bath.
見,映画を見ます。,Eiga o mimasu.,I watch/see a movie.
聞,音楽を聞きます。,Ongaku o kikimasu.,I listen to music.
言,「さようなら」と言います。,"""Sayōnara"" to imasu.","I say ""Goodbye."""
話,日本語で話します。,Nihongo de hanashimasu.,I speak in Japanese.
読,新聞を読みます。,Shinbun o yomimasu.,I read the newspaper.
書,手紙を書きます。,Tegami o kakimasu.,I write a letter.
食,晩ご飯を食べます。,Ban-gohan o tabemasu.,I eat dinner.
飲,コーヒーを飲みます。,Kōhī o nomimasu.,I drink coffee.
休,会社を休みます。,Kaisha o yasumimasu.,I rest (take a break) from work.
会,友達に会います。,Tomodachi ni aimasu.,I meet a friend.
思,そう思います。,Sō omoimasu.,I think so.
買,食べ物を買います。,Tabemono o kaimasu.,I buy food.
立,立ち上がります。,Tachi-agarimasu.,I stand up.
作,晩ご飯を作ります。,Ban-gohan o tsukurimasu.,I make dinner.
開,ドアを開けてください。,Doa o akete kudasai.,Please open the door.
閉,窓を閉めます。,Mado o shimemasu.,I close the window.
使,この辞書を使います。,Kono jisho o tsukaimasu.,I use this dictionary.
帰,うちに帰ります。,Uchi ni kaerimasu.,I return home.
午,午前十時。,Gozen jūji.,Ten o'clock in the morning (A.M.).
前,(See section 5 for 前 example),,
後,(See section 5 for 後 example),,
今,今何時ですか。,Ima nanji desu ka.,"Now, what time is it?"
朝,今朝、早く起きました。,"Kesa, hayaku okimashita.",I woke up early this morning.
夜,夜は寒いです。,Yoru wa samui desu.,It is cold at night.
夕,夕ご飯を食べます。,Yū-gohan o tabemasu.,I eat evening (dinner) meal.
明,明るい部屋。,Akarui heya.,A bright room.
早,早く来ました。,Hayaku kimashita.,I came early.
毎,毎日勉強します。,Mainichi benkyō shimasu.,I study every day.
白,白いシャツ。,Shiroi shatsu.,A white shirt.
黒,黒い靴。,Kuroi kutsu.,Black shoes.
赤,赤いりんご。,Akai ringo.,A red apple.
青,青い空。,Aoi sora.,The blue sky.
新,新しい車。,Atarashii kuruma.,A new car.
長,長い髪。,Nagai kami.,Long hair.
高,高いビル。,Takai biru.,A tall/expensive building.
安,この店は安いです。,Kono mise wa yasui desu.,This store is cheap.
多,多い人。,Ōi hito.,Many people.
少,お金が少ないです。,Okane ga sukunai desu.,I have little money.
車,車で来ました。,Kuruma de kimashita.,I came by car.
電,電車に乗ります。,Densha ni norimasu.,I ride the train (electric vehicle).
駅,駅まで歩きます。,Eki made arukimasu.,I walk to the station.
国,どの国から来ましたか。,Dono kuni kara kimashita ka.,Which country are you from?
家,家に帰ります。,Ie ni kaerimasu.,I return home (house).
道,道が広いです。,Michi ga hiroi desu.,The road is wide.
店,あの店で買いました。,Ano mise de kaimashita.,I bought it at that shop.
社,銀行は会社です。,Ginkō wa kai sha desu.,The bank is a company.
手,手を洗います。,Te o araimasu.,I wash my hand.
足,足が痛いです。,Ashi ga itai desu.,My foot/leg hurts.
力,力が強い。,Chikara ga tsuyoi.,The strength/power is strong.
匂,いい匂いがします。,Ii nioi ga shimasu.,It smells good (scent).
