expression,reading,section,chapter
ýýýýýý,ýýýýýý,N5,1
ýýýýýý,ýýýýýý,N5,1
ýýý,ýýýýýý,N5,1
ýýýýýý,ýýýýýýýýý,N5,1
ýýý,ýýýýýý,N5,1
ýýýýýý,ýýýýýýýýý,N5,1
ýýýýýýýýý,ýýýýýýýýýýýý,N5,1
ýýý,ýýýýýý,N5,1
ýýýýýý,ýýýýýý,N5,1
ýýýýýýýýý,ýýýýýýýýý,N5,1
ýýýýýýýýý,ýýýýýýýýý,N5,2
ýýý,ýýýýýý,N5,2
ýýýýýýýýý,ýýýýýýýýýýýýýýý,N5,2
ýýýýýýýýý,ýýýýýýýýýýýý,N5,2
ýýý; ýýý,ýýýýýý,N5,2
ýýýýýý,ýýýýýýýýý,N5,2
ýýýýýýýýý,ýýýýýýýýý,N5,2
ýýýýýý,ýýýýýýýýý,N5,2
ýýýýýýýýý,ýýýýýýýýýýýýýýý,N5,2
ýýý,ýýýýýýýýý,N5,2
ýýýýýýýýý,ýýýýýýýýýýýýýýý,N5,Genki Genki_Ln.5 JLPT JLPT_5 JLPT_N5
ýýýýýýýýý,ýýýýýýýýý,N5,Genki Genki_Ln.20 JLPT JLPT_5 JLPT_N5
ýýýýýý,ýýýýýýýýý,N5,Genki Genki_Ln.5 Intermediate_Japanese Intermediate_Japanese_Ln.4 JLPT JLPT_5 JLPT_N5
ýýýýýý,ýýýýýýýýý,N5,Genki Genki_Ln.5 JLPT JLPT_5 JLPT_N5
ýýýýýý,ýýýýýýýýý,N5,JLPT JLPT_5 JLPT_N5
ýýýýýýýýý,ýýýýýýýýý,N5,JLPT JLPT_5 JLPT_N5
ýýý,ýýýýýý,N5,Genki Genki_Ln.18 JLPT JLPT_2 JLPT_3 JLPT_5 JLPT_N5
ýýýýýýýýý,ýýýýýýýýý,N5,Genki Genki_Ln.4 JLPT JLPT_5 JLPT_N5
ýýý,ýýýýýý,N5,Genki Genki_Ln.14 JLPT JLPT_5 JLPT_N5
ýýý,ýýýýýý,N5,Genki Genki_Ln.7 JLPT JLPT_5 JLPT_N5
ýýýýýýýýýýýý,ýýýýýýýýýýýý,N5,Genki Genki_Ln.7 JLPT JLPT_5 JLPT_N5
ýýýýýý,ýýýýýý,N5,JLPT JLPT_4 JLPT_5 JLPT_N5
ýýýýýýýýý,ýýýýýýýýý,N5,JLPT JLPT_3 JLPT_5 JLPT_N5
ýýýýýýýýý,ýýýýýýýýýýýý,N5,Intermediate_Japanese Intermediate_Japanese_Ln.15 JLPT JLPT_5 JLPT_N5
ýýýýýý,ýýýýýýýýý,N5,Genki Genki_Ln.12 JLPT JLPT_5 JLPT_N5
ýýýýýý,ýýýýýýýýý,N5,JLPT JLPT_3 JLPT_5 JLPT_N5
ýýý,ýýýýýý,N5,Genki Genki_Ln.8 JLPT JLPT_5 JLPT_N5
ýýý,ýýýýýý,N5,JLPT JLPT_5 JLPT_N5
ýýýýýý,ýýýýýýýýý,N5,Genki Genki_Ln.8 Intermediate_Japanese Intermediate_Japanese_Ln.10 JLPT JLPT_5 JLPT_N5
ýýýýýý,ýýýýýý,N5,JLPT JLPT_3 JLPT_5 JLPT_N5
ýýýýýý,ýýýýýý,N5,JLPT JLPT_3 JLPT_5 JLPT_N5
ýýýýýý,ýýýýýýýýý,N5,Genki Genki_Ln.20 Intermediate_Japanese Intermediate_Japanese_Ln.1 JLPT JLPT_5 JLPT_N5
ýýýýýý,ýýýýýý,N5,Genki Genki_Ln.2 JLPT JLPT_5 JLPT_N5
ýýýýýý; ýýýýýý,ýýýýýý; ýýýýýý,N5,JLPT JLPT_5 JLPT_N5
ýýýýýýýýý,ýýýýýýýýý,N5,JLPT JLPT_5 JLPT_N5
ýýýýýý,ýýýýýý,N5,Genki Genki_Ln.8 JLPT JLPT_5 JLPT_N5
ýýý,ýýýýýý,N5,Genki Genki_Ln.3 JLPT JLPT_2 JLPT_3 JLPT_5 JLPT_N5
ýýýýýýýýý,ýýýýýýýýý,N5,JLPT JLPT_5 JLPT_N5
ýýýýýý,ýýýýýý; ýýýýýý,N5,JLPT JLPT_5 JLPT_N5
ýýýýýýýýý,ýýýýýýýýý,N5,JLPT JLPT_3 JLPT_5 JLPT_N5
ýýýýýýýýý,ýýýýýýýýý,N5,Genki Genki_Ln.2 JLPT JLPT_3 JLPT_5 JLPT_N5
ýýý,ýýýýýý,N5,JLPT JLPT_5 JLPT_N5
ýýýýýý,ýýýýýýýýý,N5,Genki Genki_Ln.1 Genki_Ln.10 Intermediate_Japanese Intermediate_Japanese_Ln.12 JLPT JLPT_5 JLPT_N5
ýýýýýý,ýýýýýý,N5,JLPT JLPT_3 JLPT_5 JLPT_N5
ýýýýýýýýý,ýýýýýýýýýýýýýýý,N5,Genki Genki_Ln.5 JLPT JLPT_5 JLPT_N5
ýýýýýý,ýýýýýýýýý,N5,Genki Genki_Ln.12 Intermediate_Japanese Intermediate_Japanese_Ln.5 JLPT JLPT_5 JLPT_N5
ýýý,ýýýýýý,N5,JLPT JLPT_3 JLPT_5 JLPT_N5
ýýýýýý,ýýýýýýýýýýýý,N5,Genki Genki_Ln.13 JLPT JLPT_5 JLPT_N5
ýýýýýý,ýýýýýýýýýýýý,N5,Genki Genki_Ln.10 Intermediate_Japanese Intermediate_Japanese_Ln.3 JLPT JLPT_3 JLPT_5 JLPT_N5
ýýýýýý,ýýýýýý,N5,Genki Genki_Ln.3 JLPT JLPT_2 JLPT_5 JLPT_N5
ýýýýýý,ýýýýýýýýý,N5,Genki Genki_Ln.13 JLPT JLPT_3 JLPT_5 JLPT_N5
ýýýýýý,ýýýýýýýýýýýý,N5,Intermediate_Japanese Intermediate_Japanese_Ln.7 JLPT JLPT_5 JLPT_N5
ýýýýýý,ýýýýýýýýý,N5,Genki Genki_Ln.9 JLPT JLPT_5 JLPT_N5
ýýýýýýýýý,ýýýýýýýýý,N5,Genki Genki_Ln.12 JLPT JLPT_3 JLPT_5 JLPT_N5
ýýý,ýýýýýý,N5,Genki Genki_Ln.4 JLPT JLPT_5 JLPT_N5
ýýý,ýýýýýý,N5,Genki Genki_Ln.1 JLPT JLPT_3 JLPT_5 JLPT_N5
ýýýýýý,ýýýýýý,N5,Genki Genki_Ln.12 Intermediate_Japanese Intermediate_Japanese_Ln.2 JLPT JLPT_5 JLPT_N5
ýýý,ýýýýýýýýýýýý,N5,Genki Genki_Ln.1 Genki_Ln.7 JLPT JLPT_5 JLPT_N5
ýýý,ýýýýýý,N5,JLPT JLPT_3 JLPT_5 JLPT_N5
ýýýýýý,ýýýýýýýýýýýý,N5,JLPT JLPT_5 JLPT_N5
ýýýýýý,ýýýýýý,N5,JLPT JLPT_5 JLPT_N5
ýýýýýý,ýýýýýý,N5,JLPT JLPT_5 JLPT_N5
ýýýýýýýýý,ýýýýýýýýý,N5,JLPT JLPT_5 JLPT_N5
ýýý,ýýýýýý,N5,Genki Genki_Ln.9 Intermediate_Japanese Intermediate_Japanese_Ln.9 JLPT JLPT_5 JLPT_N5
ýýýýýý,ýýýýýýýýýýýý,N5,JLPT JLPT_5 JLPT_N5
ýýý,ýýýýýý,N5,JLPT JLPT_2 JLPT_5 JLPT_N5
ýýýýýý,ýýýýýýýýý,N5,JLPT JLPT_3 JLPT_5 JLPT_N5
ýýýýýý,ýýýýýýýýý,N5,JLPT JLPT_3 JLPT_5 JLPT_N5
ýýý,ýýýýýý,N5,Genki Genki_Ln.7 JLPT JLPT_5 JLPT_N5
ýýýýýý,ýýýýýýýýý,N5,Genki Genki_Ln.7 Intermediate_Japanese Intermediate_Japanese_Ln.7 JLPT JLPT_5 JLPT_N5
ýýýýýý,ýýýýýý,N5,Genki Genki_Ln.3 JLPT JLPT_3 JLPT_5 JLPT_N5
ýýýýýýýýýýýý,ýýýýýýýýýýýý,N5,JLPT JLPT_3 JLPT_5 JLPT_N5
ýýý,ýýýýýý,N5,Genki Genki_Ln.5 JLPT JLPT_5 JLPT_N5
ýýýýýý,ýýýýýý,N5,Genki Genki_Ln.15 Intermediate_Japanese Intermediate_Japanese_Ln.6 JLPT JLPT_3 JLPT_5 JLPT_N5
ýýýýýýýýýýýý,ýýýýýýýýýýýý,N5,Genki Genki_Ln.22 JLPT JLPT_3 JLPT_5 JLPT_N5
ýýýýýý,ýýýýýýýýý,N5,JLPT JLPT_5 JLPT_N5
ýýý,ýýý,N5,Genki Genki_Ln.15 JLPT JLPT_3 JLPT_5 JLPT_N5
ýýýýýý,ýýýýýýýýý,N5,Genki Genki_Ln.3 Intermediate_Japanese Intermediate_Japanese_Ln.7 JLPT JLPT_5 JLPT_N5
ýýýýýýýýý,ýýýýýýýýýýýýýýý,N5,Genki Genki_Ln.15 JLPT JLPT_5 JLPT_N5
ýýýýýý,ýýýýýýýýý,N5,Genki Genki_Ln.1 JLPT JLPT_5 JLPT_N5
ýýýýýý,ýýýýýý,N5,Genki Genki_Ln.1 JLPT JLPT_5 JLPT_N5
ýýý,ýýýýýý,N5,Genki Genki_Ln.10 JLPT JLPT_5 JLPT_N5
ýýýýýýýýýýýýýýýýýý,ýýýýýýýýýýýýýýýýýý,N5,JLPT JLPT_2 JLPT_5 JLPT_N5
ýýýýýý,ýýýýýýýýý,N5,JLPT JLPT_5 JLPT_N5
ýýýýýý,ýýýýýýýýýýýý,N5,Genki Genki_Ln.2 JLPT JLPT_5 JLPT_N5
ýýýýýý,ýýýýýý,N5,JLPT JLPT_5 JLPT_N5
ýýýýýýýýýýýý,ýýýýýýýýýýýý,N5,JLPT JLPT_5 JLPT_N5
ýýýýýý,ýýýýýýýýý,N5,Intermediate_Japanese Intermediate_Japanese_Ln.1 JLPT JLPT_5 JLPT_N5
ýýýýýýýýý,ýýýýýýýýýýýý,N5,Genki Genki_Ln.5 JLPT JLPT_5 JLPT_N5
ýýýýýýýýý,ýýýýýýýýýýýý,N5,JLPT JLPT_5 JLPT_N5
ýýýýýý,ýýýýýýýýýýýý,N5,JLPT JLPT_5 JLPT_N5
ýýýýýýýýýýýý,ýýýýýýýýýýýýýýý,N5,Genki Genki_Ln.1 Genki_Ln.2 JLPT JLPT_5 JLPT_N5
ýýýýýýýýý,ýýýýýýýýý,N5,Genki Genki_Ln.11 JLPT JLPT_5 JLPT_N5
ýýýýýý,ýýýýýýýýý,N5,Genki Genki_Ln.6 JLPT JLPT_5 JLPT_N5
ýýýýýýýýý,ýýýýýýýýý,N5,Genki Genki_Ln.3 Intermediate_Japanese Intermediate_Japanese_Ln.12 JLPT JLPT_3 JLPT_5 JLPT_N5
ýýýýýý,ýýýýýý,N5,Genki Genki_Ln.21 JLPT JLPT_3 JLPT_5 JLPT_N5
ýýýýýýýýý,ýýýýýýýýýýýý,N5,Genki Genki_Ln.14 Intermediate_Japanese Intermediate_Japanese_Ln.9 JLPT JLPT_5 JLPT_N5
ýýýýýý,ýýýýýýýýý,N5,Genki Genki_Ln.3 JLPT JLPT_5 JLPT_N5
ýýýýýý,ýýýýýýýýý,N5,JLPT JLPT_5 JLPT_N5
ýýýýýý; ýýýýýýýýýýýý,ýýýýýýýýýýýý,N5,JLPT JLPT_5 JLPT_N5
ýýýýýýýýýýýýýýý,ýýýýýýýýýýýýýýý,N5,Genki Genki_Ln.13 JLPT JLPT_3 JLPT_5 JLPT_N5
ýýýýýýýýý,ýýýýýýýýýýýý,N5,Intermediate_Japanese Intermediate_Japanese_Ln.1 JLPT JLPT_5 JLPT_N5
ýýýýýý,ýýýýýý,N5,Genki Genki_Ln.18 JLPT JLPT_5 JLPT_N5
ýýýýýý,ýýýýýýýýý,N5,Genki Genki_Ln.10 Intermediate_Japanese Intermediate_Japanese_Ln.11 JLPT JLPT_5 JLPT_N5
ýýýýýý,ýýýýýýýýý,N5,Genki Genki_Ln.3 Intermediate_Japanese Intermediate_Japanese_Ln.6 JLPT JLPT_5 JLPT_N5
ýýýýýýýýýýýý,ýýýýýýýýýýýýýýý,N5,Genki Genki_Ln.2 Intermediate_Japanese Intermediate_Japanese_Ln.13 JLPT JLPT_5 JLPT_N5
ýýýýýýýýýýýý,ýýýýýýýýýýýýýýý,N5,Genki Genki_Ln.1 Genki_Ln.2 JLPT JLPT_5 JLPT_N5
ýýý,ýýýýýýýýýýýý,N5,Genki Genki_Ln.1 Genki_Ln.7 JLPT JLPT_5 JLPT_N5
ýýý,ýýýýýýýýý,N5,Genki Genki_Ln.17 JLPT JLPT_5 JLPT_N5
ýýýýýýýýý,ýýýýýýýýýýýýýýý,N5,Genki Genki_Ln.11 JLPT JLPT_5 JLPT_N5
ýýýýýýýýý,ýýýýýýýýýýýý,N5,Genki Genki_Ln.19 JLPT JLPT_5 JLPT_N5
ýýýýýýýýýýýý,ýýýýýýýýýýýý,N5,JLPT JLPT_5 JLPT_N5
ýýýýýý,ýýýýýýýýý,N5,Genki Genki_Ln.13 JLPT JLPT_5 JLPT_N5
ýýýýýý,ýýýýýýýýý,N5,JLPT JLPT_3 JLPT_5 JLPT_N5
ýýýýýý,ýýýýýýýýý,N5,Genki Genki_Ln.14 Intermediate_Japanese Intermediate_Japanese_Ln.1 JLPT JLPT_5 JLPT_N5
ýýýýýýýýýýýý,ýýýýýýýýýýýýýýý,N5,Genki Genki_Ln.1 Genki_Ln.7 Intermediate_Japanese Intermediate_Japanese_Ln.4 JLPT JLPT_5 JLPT_N5
ýýýýýýýýýýýý,ýýýýýýýýýýýýýýý,N5,Genki Genki_Ln.1 Genki_Ln.7 JLPT JLPT_5 JLPT_N5
ýýýýýýýýýýýý; ýýýýýýýýýýýý,ýýýýýýýýýýýý,N5,JLPT JLPT_5 JLPT_N5
ýýýýýýýýýýýýýýý,ýýýýýýýýýýýýýýý,N5,Genki Genki_Ln.6 JLPT JLPT_5 JLPT_N5
ýýýýýýýýý,ýýýýýýýýý,N5,JLPT_N5
ýýýýýýýýý,ýýýýýýýýýýýýýýý,N5,Genki Genki_Ln.9 JLPT JLPT_5 JLPT_N5
ýýýýýýýýý,ýýýýýýýýýýýý,N5,Intermediate_Japanese Intermediate_Japanese_Ln.2 JLPT JLPT_5 JLPT_N5
ýýýýýýýýýýýýýýýýýý,ýýýýýýýýýýýýýýýýýý,N5,JLPT JLPT_5 JLPT_N5
ýýýýýý,ýýýýýýýýý,N5,Genki Genki_Ln.20 JLPT JLPT_3 JLPT_5 JLPT_N5
ýýýýýýýýý,ýýýýýýýýýýýýýýý,N5,Genki Genki_Ln.5 Intermediate_Japanese Intermediate_Japanese_Ln.4 JLPT JLPT_5 JLPT_N5
ýýýýýý,ýýýýýýýýý,N5,Genki Genki_Ln.5 JLPT JLPT_5 JLPT_N5
ýýýýýýýýý,ýýýýýýýýý,N5,JLPT JLPT_3 JLPT_5 JLPT_N5
ýýýýýý,ýýýýýýýýý,N5,JLPT JLPT_5 JLPT_N5
ýýýýýý,ýýýýýýýýýýýý,N5,Genki Genki_Ln.3 Intermediate_Japanese Intermediate_Japanese_Ln.3 JLPT JLPT_5 JLPT_N5
ýýý,ýýýýýýýýý,N5,Genki Genki_Ln.17 JLPT JLPT_5 JLPT_N5
ýýýýýýýýý,ýýýýýýýýýýýýýýý,N5,Genki Genki_Ln.11 JLPT JLPT_5 JLPT_N5
ýýýýýý,ýýýýýýýýý,N5,JLPT JLPT_1 JLPT_5 JLPT_N5
ýýýýýý,ýýýýýýýýý,N5,JLPT JLPT_4 JLPT_5 JLPT_N5
ýýýýýý,ýýýýýýýýýýýý,N5,Genki Genki_Ln.11 Intermediate_Japanese Intermediate_Japanese_Ln.6 JLPT JLPT_5 JLPT_N5
ýýýýýýýýý,ýýýýýýýýýýýýýýýýýý,N5,Genki Genki_Ln.15 JLPT JLPT_5 JLPT_N5
ýýýýýý,ýýýýýýýýýýýý,N5,Genki Genki_Ln.7 JLPT JLPT_5 JLPT_N5
ýýýýýý,ýýýýýýýýýýýý,N5,JLPT JLPT_5 JLPT_N5
ýýýýýýýýý,ýýýýýýýýýýýý,N5,Genki Genki_Ln.4 JLPT JLPT_5 JLPT_N5
ýýýýýý,ýýýýýý,N5,JLPT JLPT_3 JLPT_5 JLPT_N5
ýýýýýý,ýýýýýýýýý,N5,JLPT JLPT_3 JLPT_5 JLPT_N5
ýýýýýý,ýýýýýýýýý,N5,Intermediate_Japanese Intermediate_Japanese_Ln.1 JLPT JLPT_3 JLPT_5 JLPT_N5
ýýý,ýýýýýý,N5,Genki Genki_Ln.10 Intermediate_Japanese Intermediate_Japanese_Ln.2 JLPT JLPT_3 JLPT_5 JLPT_N5
ýýýýýýýýý,ýýýýýýýýý,N5,Genki Genki_Ln.10 Intermediate_Japanese Intermediate_Japanese_Ln.1 JLPT JLPT_3 JLPT_5 JLPT_N5
ýýý,ýýýýýý,N5,Genki Genki_Ln.17 JLPT JLPT_3 JLPT_5 JLPT_N5
ýýýýýý,ýýýýýý,N5,JLPT JLPT_3 JLPT_5 JLPT_N5
ýýýýýý,ýýýýýýýýýýýý,N5,Genki Genki_Ln.1 JLPT JLPT_5 JLPT_N5
ýýýýýýýýý,ýýýýýýýýýýýý,N5,JLPT JLPT_5 JLPT_N5
ýýýýýýýýý,ýýýýýýýýý,N5,JLPT JLPT_3 JLPT_4 JLPT_5 JLPT_N5
ýýýýýýýýý,ýýýýýýýýý,N5,Genki Genki_Ln.19 JLPT JLPT_3 JLPT_4 JLPT_5 JLPT_N5
ýýý,ýýýýýý,N5,Genki Genki_Ln.2 JLPT JLPT_5 JLPT_N5
ýýýýýý,ýýýýýý,N5,Intermediate_Japanese Intermediate_Japanese_Ln.3 JLPT JLPT_5 JLPT_N5
ýýý,ýýýýýý,N5,Genki Genki_Ln.22 JLPT JLPT_5 JLPT_N5
ýýýýýý,ýýýýýý,N5,Genki Genki_Ln.12 JLPT JLPT_5 JLPT_N5
ýýý,ýýýýýý,N5,Intermediate_Japanese Intermediate_Japanese_Ln.4 JLPT JLPT_3 JLPT_4 JLPT_5 JLPT_N5
ýýýýýý,ýýýýýýýýý,N5,Genki Genki_Ln.7 Intermediate_Japanese Intermediate_Japanese_Ln.1 JLPT JLPT_5 JLPT_N5
ýýýýýýýýý,ýýýýýýýýýýýý,N5,JLPT JLPT_5 JLPT_N5
ýýýýýý,ýýýýýýýýý,N5,JLPT JLPT_5 JLPT_N5
ýýýýýý,ýýýýýýýýýýýý,N5,Genki Genki_Ln.3 JLPT JLPT_5 JLPT_N5
ýýýýýýýýý,ýýýýýýýýý,N5,JLPT JLPT_1 JLPT_5 JLPT_N5
ýýýýýý,ýýýýýýýýý,N5,Intermediate_Japanese Intermediate_Japanese_Ln.3 JLPT JLPT_3 JLPT_5 JLPT_N5
ýýý,ýýýýýý,N5,Genki Genki_Ln.20 JLPT JLPT_5 JLPT_N5
ýýýýýýýýý,ýýýýýýýýý,N5,Genki Genki_Ln.2 JLPT JLPT_5 JLPT_N5
ýýýýýý,ýýýýýýýýý,N5,JLPT JLPT_5 JLPT_N5
ýýýýýýýýý,ýýýýýýýýý,N5,Genki Genki_Ln.7 JLPT JLPT_3 JLPT_5 JLPT_N5
ýýý,ýýýýýý,N5,Genki Genki_Ln.17 JLPT JLPT_3 JLPT_5 JLPT_N5
ýýýýýýýýý,ýýýýýýýýý,N5,Genki Genki_Ln.8 JLPT JLPT_5 JLPT_N5
ýýýýýýýýý,ýýýýýýýýýýýý,N5,Genki Genki_Ln.4 JLPT JLPT_5 JLPT_N5
ýýýýýý,ýýýýýýýýý,N5,Genki Genki_Ln.13 JLPT JLPT_5 JLPT_N5
ýýý,ýýýýýýýýý,N5,Genki Genki_Ln.23 Intermediate_Japanese Intermediate_Japanese_Ln.4 JLPT JLPT_5 JLPT_N5
ýýýýýýýýý,ýýýýýýýýý,N5,JLPT JLPT_5 JLPT_N5
ýýýýýýýýý,ýýýýýýýýý,N5,JLPT JLPT_5 JLPT_N5
ýýýýýý,ýýýýýýýýý,N5,JLPT JLPT_5 JLPT_N5
ýýýýýýýýý,ýýýýýýýýý,N5,Genki Genki_Ln.13 JLPT JLPT_1 JLPT_5 JLPT_N5
ýýýýýýýýýýýýýýý,ýýýýýýýýýýýýýýý,N5,JLPT JLPT_5 JLPT_N5
ýýý; ýýý,ýýýýýý,N5,JLPT JLPT_3 JLPT_5 JLPT_N5
ýýýýýý,ýýýýýýýýý,N5,JLPT_N5
ýýýýýýýýý,ýýýýýýýýýýýý,N5,JLPT JLPT_5 JLPT_N5
ýýýýýý,ýýýýýýýýý,N5,Genki Genki_Ln.6 Intermediate_Japanese Intermediate_Japanese_Ln.4 JLPT JLPT_3 JLPT_5 JLPT_N5
ýýý,ýýý,N5,Genki Genki_Ln.22 JLPT JLPT_5 JLPT_N5
ýýýýýý,ýýýýýýýýý,N5,JLPT JLPT_5 JLPT_N5
ýýýýýýýýý,ýýýýýýýýýýýý,N5,JLPT JLPT_5 JLPT_N5
ýýýýýýýýý,ýýýýýýýýý,N5,Genki Genki_Ln.18 JLPT JLPT_5 JLPT_N5
ýýýýýý,ýýýýýý,N5,JLPT JLPT_3 JLPT_5 JLPT_N5
ýýý,ýýýýýý,N5,Intermediate_Japanese Intermediate_Japanese_Ln.10 JLPT JLPT_5 JLPT_N5
ýýýýýýýýý,ýýýýýýýýý,N5,Genki Genki_Ln.9 JLPT JLPT_5 JLPT_N5
ýýýýýý,ýýýýýýýýýýýý,N5,Genki Genki_Ln.16 JLPT JLPT_5 JLPT_N5
ýýýýýýýýý,ýýýýýýýýýýýýýýý,N5,Genki Genki_Ln.2 Intermediate_Japanese Intermediate_Japanese_Ln.11 JLPT JLPT_5 JLPT_N5
ýýýýýý,ýýýýýýýýý,N5,Genki Genki_Ln.5 Intermediate_Japanese Intermediate_Japanese_Ln.3 JLPT JLPT_5 JLPT_N5
ýýýýýý,ýýýýýýýýý,N5,Genki Genki_Ln.5 Intermediate_Japanese Intermediate_Japanese_Ln.10 JLPT JLPT_5 JLPT_N5
ýýýýýý,ýýýýýýýýý,N5,Genki Genki_Ln.4 JLPT JLPT_3 JLPT_5 JLPT_N5
ýýý,ýýýýýýýýý,N5,JLPT JLPT_3 JLPT_5 JLPT_N5
ýýýýýý,ýýýýýýýýýýýýýýý,N5,JLPT JLPT_5 JLPT_N5
ýýýýýý,ýýýýýýýýýýýýýýýýýý,N5,Genki Genki_Ln.18 JLPT JLPT_5 JLPT_N5
ýýýýýý,ýýýýýýýýý,N5,Genki Genki_Ln.3 JLPT JLPT_5 JLPT_N5
ýýýýýý,ýýýýýýýýýýýýýýý,N5,Intermediate_Japanese Intermediate_Japanese_Ln.3 JLPT JLPT_5 JLPT_N5
ýýýýýý,ýýýýýýýýýýýýýýý,N5,Genki Genki_Ln.7 JLPT JLPT_5 JLPT_N5
ýýýýýý,ýýýýýýýýýýýý,N5,Genki Genki_Ln.14 Intermediate_Japanese Intermediate_Japanese_Ln.1 JLPT JLPT_5 JLPT_N5
ýýýýýý,ýýýýýýýýý,N5,JLPT JLPT_5 JLPT_N5
ýýýýýý,ýýýýýý,N5,Genki Genki_Ln.8 Intermediate_Japanese Intermediate_Japanese_Ln.12 JLPT JLPT_5 JLPT_N5
ýýýýýý,ýýýýýý,N5,Genki Genki_Ln.7 Intermediate_Japanese Intermediate_Japanese_Ln.9 JLPT JLPT_5 JLPT_N5
ýýýýýý,ýýýýýýýýý,N5,JLPT JLPT_5 JLPT_N5
ýýýýýý; ýýýýýýýýýýýýýýý,ýýýýýý; ýýýýýýýýýýýýýýý,N5,JLPT JLPT_3 JLPT_5 JLPT_N5
ýýýýýý; ýýýýýýýýýýýýýýýýýý,ýýýýýý; ýýýýýýýýýýýýýýýýýý,N5,JLPT JLPT_3 JLPT_5 JLPT_N5
ýýýýýý,ýýýýýýýýýýýý,N5,Genki Genki_Ln.2 JLPT JLPT_5 JLPT_N5
ýýýýýýýýý,ýýýýýýýýýýýýýýý,N5,Genki Genki_Ln.4 JLPT JLPT_3 JLPT_5 JLPT_N5
ýýý,ýýý,N5,JLPT JLPT_3 JLPT_5 JLPT_N5
ýýý,ýýýýýýýýý,N5,Genki Genki_Ln.9 Intermediate_Japanese Intermediate_Japanese_Ln.12 JLPT JLPT_5 JLPT_N5
ýýýýýýýýý,ýýýýýýýýýýýý,N5,JLPT JLPT_5 JLPT_N5
ýýýýýý,ýýýýýýýýýýýý,N5,Intermediate_Japanese Intermediate_Japanese_Ln.9 JLPT JLPT_5 JLPT_N5
ýýý,ýýýýýý,N5,Intermediate_Japanese Intermediate_Japanese_Ln.11 Intermediate_Japanese_Ln.8 JLPT JLPT_5 JLPT_N5
ýýý,ýýýýýý,N5,Genki Genki_Ln.2 JLPT JLPT_5 JLPT_N5
ýýýýýý,ýýýýýýýýýýýý,N5,Genki Genki_Ln.23 JLPT JLPT_5 JLPT_N5
ýýý,ýýýýýý,N5,Genki Genki_Ln.7 JLPT JLPT_5 JLPT_N5
ýýýýýý,ýýýýýýýýý,N5,Genki Genki_Ln.12 JLPT JLPT_3 JLPT_5 JLPT_N5
ýýýýýý,ýýýýýýýýý,N5,JLPT JLPT_5 JLPT_N5
ýýýýýý,ýýýýýýýýý,N5,JLPT JLPT_3 JLPT_5 JLPT_N5
ýýýýýýýýýýýý; ýýýýýýýýý,ýýýýýýýýýýýý; ýýýýýýýýý,N5,JLPT JLPT_5 JLPT_N5
ýýýýýýýýý,ýýýýýýýýý,N5,Genki Genki_Ln.4 JLPT JLPT_5 JLPT_N5
ýýýýýýýýý,ýýýýýýýýý,N5,JLPT JLPT_5 JLPT_N5
ýýýýýý,ýýýýýý,N5,JLPT JLPT_5 JLPT_N5
ýýý,ýýýýýýýýý,N5,Genki Genki_Ln.7 JLPT JLPT_5 JLPT_N5
ýýý,ýýýýýý,N5,JLPT JLPT_5 JLPT_N5
ýýýýýý,ýýýýýýýýý,N5,Genki Genki_Ln.9 JLPT JLPT_5 JLPT_N5
ýýýýýý,ýýýýýýýýýýýý,N5,JLPT JLPT_5 JLPT_N5
ýýýýýý,ýýýýýý,N5,Genki Genki_Ln.8 Intermediate_Japanese Intermediate_Japanese_Ln.2 JLPT JLPT_5 JLPT_N5
ýýýýýý,ýýýýýý,N5,JLPT JLPT_5 JLPT_N5
ýýýýýý,ýýýýýýýýýýýý,N5,JLPT JLPT_3 JLPT_5 JLPT_N5
ýýýýýý,ýýýýýýýýýýýý (ýýýýýý),N5,JLPT JLPT_5 JLPT_N5
ýýýýýýýýý,ýýýýýýýýýýýýýýý,N5,Genki Genki_Ln.4 JLPT JLPT_3 JLPT_5 JLPT_N5
ýýýýýý,ýýýýýýýýýýýý,N5,Intermediate_Japanese Intermediate_Japanese_Ln.5 JLPT JLPT_4 JLPT_5 JLPT_N5
ýýýýýý,ýýýýýýýýý,N5,JLPT JLPT_5 JLPT_N5
ýýýýýý,ýýýýýý,N5,JLPT JLPT_2 JLPT_5 JLPT_N5
ýýý,ýýý,N5,JLPT JLPT_3 JLPT_5 JLPT_N5
ýýýýýý,ýýýýýý,N5,JLPT JLPT_5 JLPT_N5
ýýýýýý,ýýýýýýýýýýýý,N5,Genki Genki_Ln.4 JLPT JLPT_3 JLPT_5 JLPT_N5
ýýýýýýýýý,ýýýýýýýýýýýýýýý,N5,JLPT JLPT_5 JLPT_N5
ýýýýýý,ýýýýýýýýýýýý,N5,Genki Genki_Ln.13 JLPT JLPT_5 JLPT_N5
ýýýýýý,ýýýýýýýýýýýý,N5,JLPT JLPT_5 JLPT_N5
ýýý,ýýýýýý,N5,Intermediate_Japanese Intermediate_Japanese_Ln.2 JLPT JLPT_5 JLPT_N5
ýýýýýýýýý,ýýýýýýýýý,N5,JLPT JLPT_5 JLPT_N5
ýýýýýýýýýýýý,ýýýýýýýýýýýý,N5,Genki Genki_Ln.3 JLPT JLPT_5 JLPT_N5
ýýýýýý,ýýýýýý,N5,Genki Genki_Ln.4 JLPT JLPT_3 JLPT_5 JLPT_N5
ýýýýýý,ýýýýýý,N5,Genki Genki_Ln.1 JLPT JLPT_5 JLPT_N5
ýýýýýý,ýýýýýýýýýýýý,N5,Genki Genki_Ln.13 JLPT JLPT_5 JLPT_N5
ýýýýýý,ýýýýýýýýýýýý,N5,Genki Genki_Ln.9 JLPT JLPT_5 JLPT_N5
ýýýýýý,ýýýýýýýýý,N5,Genki Genki_Ln.1 JLPT JLPT_5 JLPT_N5
ýýýýýýýýý,ýýýýýýýýýýýý,N5,JLPT JLPT_5 JLPT_N5
ýýýýýýýýý,ýýýýýýýýý,N5,Genki Genki_Ln.11 Genki_Ln.19 JLPT JLPT_5 JLPT_N5
ýýýýýýýýý,ýýýýýýýýý,N5,JLPT JLPT_4 JLPT_5 JLPT_N5
ýýýýýýýýý,ýýýýýýýýý,N5,Genki Genki_Ln.14 JLPT JLPT_5 JLPT_N5
ýýýýýý,ýýýýýýýýý,N5,Genki Genki_Ln.10 JLPT JLPT_5 JLPT_N5
ýýýýýý,ýýýýýýýýý,N5,Genki Genki_Ln.13 Intermediate_Japanese Intermediate_Japanese_Ln.2 JLPT JLPT_5 JLPT_N5
ýýýýýý,ýýýýýýýýý,N5,Genki Genki_Ln.4 Intermediate_Japanese Intermediate_Japanese_Ln.2 JLPT JLPT_5 JLPT_N5
ýýýýýý,ýýýýýý,N5,JLPT JLPT_3 JLPT_5 JLPT_N5
ýýýýýý,ýýýýýýýýý,N5,Genki Genki_Ln.4 JLPT JLPT_5 JLPT_N5
ýýýýýýýýýýýýýýý,ýýýýýýýýýýýýýýý,N5,JLPT JLPT_3 JLPT_5 JLPT_N5
ýýýýýý,ýýýýýýýýý,N5,Genki Genki_Ln.16 JLPT JLPT_5 JLPT_N5
ýýýýýý,ýýýýýý,N5,Genki Genki_Ln.2 JLPT JLPT_5 JLPT_N5
ýýýýýýýýý; ýýýýýýýýý,ýýýýýýýýý; ýýýýýýýýý,N5,JLPT JLPT_5 JLPT_N5
ýýýýýý,ýýýýýýýýýýýý,N5,Genki Genki_Ln.8 JLPT JLPT_5 JLPT_N5
ýýýýýý,ýýýýýýýýýýýýýýý,N5,Genki Genki_Ln.6 JLPT JLPT_5 JLPT_N5
ýýýýýýýýý,ýýýýýýýýý,N5,JLPT JLPT_5 JLPT_N5
ýýýýýý,ýýýýýýýýýýýý,N5,Genki Genki_Ln.3 Intermediate_Japanese Intermediate_Japanese_Ln.1 JLPT JLPT_5 JLPT_N5
ýýýýýý,ýýýýýý,N5,JLPT JLPT_5 JLPT_N5
ýýýýýý,ýýýýýýýýý,N5,JLPT JLPT_2 JLPT_5 JLPT_N5
ýýýýýý,ýýýýýýýýý,N5,Genki Genki_Ln.2 Intermediate_Japanese Intermediate_Japanese_Ln.4 JLPT JLPT_5 JLPT_N5
ýýý,ýýýýýýýýý,N5,Genki Genki_Ln.2 JLPT JLPT_5 JLPT_N5
ýýý,ýýýýýý,N5,JLPT JLPT_5 JLPT_N5
ýýýýýý,ýýýýýý,N5,Genki Genki_Ln.18 JLPT JLPT_3 JLPT_5 JLPT_N5
ýýýýýý,ýýýýýýýýýýýý,N5,Genki Genki_Ln.9 JLPT JLPT_5 JLPT_N5
ýýýýýý,ýýýýýý,N5,JLPT JLPT_3 JLPT_5 JLPT_N5
ýýýýýý,ýýýýýýýýý,N5,JLPT JLPT_5 JLPT_N5
ýýýýýý,ýýýýýýýýý,N5,Genki Genki_Ln.3 Intermediate_Japanese Intermediate_Japanese_Ln.8 JLPT JLPT_5 JLPT_N5
ýýýýýý,ýýýýýýýýý,N5,Genki Genki_Ln.16 JLPT JLPT_5 JLPT_N5
ýýýýýý,ýýýýýýýýý,N5,Genki Genki_Ln.5 Intermediate_Japanese Intermediate_Japanese_Ln.2 JLPT JLPT_5 JLPT_N5
ýýýýýýýýý,ýýýýýýýýýýýýýýý,N5,JLPT JLPT_5 JLPT_N5
ýýýýýýýýý,ýýýýýýýýý,N5,JLPT JLPT_2 JLPT_5 JLPT_N5
ýýý,ýýýýýý,N5,JLPT JLPT_5 JLPT_N5
ýýýýýý,ýýýýýýýýý (ýýýýýý),N5,JLPT JLPT_3 JLPT_5 JLPT_N5
ýýý,ýýý,N5,JLPT JLPT_3 JLPT_5 JLPT_N5
ýýýýýý,ýýýýýý,N5,JLPT JLPT_1 JLPT_5 JLPT_N5
ýýý,ýýýýýý,N5,JLPT JLPT_5 JLPT_N5
ýýýýýýýýý,ýýýýýýýýý,N5,Intermediate_Japanese Intermediate_Japanese_Ln.3 JLPT JLPT_5 JLPT_N5
ýýýýýý,ýýýýýýýýý,N5,Genki Genki_Ln.14 JLPT JLPT_2 JLPT_5 JLPT_N5
ýýýýýýýýý,ýýýýýýýýýýýý,N5,JLPT JLPT_5 JLPT_N5
ýýýýýý,ýýýýýýýýý,N5,Genki Genki_Ln.1 Genki_Ln.8 JLPT JLPT_5 JLPT_N5
ýýýýýý,ýýýýýýýýý,N5,Genki Genki_Ln.2 JLPT JLPT_5 JLPT_N5
ýýýýýý,ýýýýýýýýý,N5,JLPT JLPT_5 JLPT_N5
ýýý,ýýýýýý,N5,JLPT JLPT_3 JLPT_5 JLPT_N5
ýýý,ýýýýýý,N5,JLPT JLPT_3 JLPT_5 JLPT_N5
ýýýýýý,ýýýýýýýýýýýý,N5,Intermediate_Japanese Intermediate_Japanese_Ln.2 JLPT JLPT_5 JLPT_N5
ýýýýýýýýý,ýýýýýýýýýýýýýýý,N5,Genki Genki_Ln.2 JLPT JLPT_5 JLPT_N5
ýýýýýýýýý,ýýýýýýýýýýýýýýý,N5,JLPT JLPT_5 JLPT_N5
ýýýýýý,ýýýýýý,N5,Genki Genki_Ln.6 JLPT JLPT_5 JLPT_N5
ýýýýýý,ýýýýýýýýý,N5,JLPT JLPT_5 JLPT_N5
ýýýýýý,ýýýýýýýýý,N5,Genki Genki_Ln.17 Intermediate_Japanese Intermediate_Japanese_Ln.1 JLPT JLPT_5 JLPT_N5
ýýýýýýýýý,ýýýýýýýýý,N5,JLPT JLPT_5 JLPT_N5
ýýýýýýýýý,ýýýýýýýýý,N5,JLPT JLPT_3 JLPT_5 JLPT_N5
ýýýýýýýýý,ýýýýýýýýý,N5,JLPT JLPT_3 JLPT_5 JLPT_N5
ýýýýýý; ýýýýýýýýý,ýýýýýý; ýýýýýýýýý,N5,JLPT JLPT_3 JLPT_5 JLPT_N5
ýýýýýý,ýýýýýýýýýýýý,N5,Genki Genki_Ln.4 Intermediate_Japanese Intermediate_Japanese_Ln.4 JLPT JLPT_5 JLPT_N5
ýýýýýýýýý,ýýýýýýýýý,N5,Genki Genki_Ln.10 JLPT JLPT_5 JLPT_N5
ýýýýýýýýýýýý,ýýýýýýýýýýýý,N5,JLPT JLPT_5 JLPT_N5
ýýý,ýýýýýýýýý,N5,JLPT JLPT_3 JLPT_5 JLPT_N5
ýýýýýý,ýýýýýýýýýýýý,N5,JLPT JLPT_2 JLPT_5 JLPT_N5
ýýýýýýýýý,ýýýýýýýýýýýýýýýýýý,N5,JLPT JLPT_5 JLPT_N5
ýýýýýý,ýýýýýýýýýýýýýýý,N5,Genki Genki_Ln.11 Intermediate_Japanese Intermediate_Japanese_Ln.3 JLPT JLPT_2 JLPT_5 JLPT_N5
ýýýýýý,ýýýýýýýýýýýýýýý,N5,Genki Genki_Ln.5 Intermediate_Japanese Intermediate_Japanese_Ln.1 JLPT JLPT_5 JLPT_N5
ýýýýýý,ýýýýýýýýýýýý,N5,JLPT JLPT_5 JLPT_N5
ýýýýýý,ýýýýýýýýýýýý,N5,JLPT JLPT_5 JLPT_N5
ýýýýýý,ýýýýýýýýýýýý,N5,Genki Genki_Ln.18 JLPT JLPT_5 JLPT_N5
ýýýýýý,ýýýýýýýýýýýýýýý,N5,Genki Genki_Ln.7 JLPT JLPT_5 JLPT_N5
ýýýýýý,ýýýýýý,N5,Genki Genki_Ln.7 JLPT JLPT_5 JLPT_N5
ýýý,ýýýýýý,N5,JLPT JLPT_3 JLPT_5 JLPT_N5
ýýýýýý,ýýýýýýýýý,N5,Genki Genki_Ln.9 JLPT JLPT_5 JLPT_N5
ýýýýýý,ýýýýýýýýý,N5,JLPT JLPT_5 JLPT_N5
ýýýýýý,ýýýýýýýýýýýý,N5,Genki Genki_Ln.2 JLPT JLPT_5 JLPT_N5
ýýýýýýýýý,ýýýýýýýýýýýýýýý,N5,Genki Genki_Ln.4 JLPT JLPT_5 JLPT_N5
ýýýýýý,ýýýýýý,N5,JLPT JLPT_3 JLPT_5 JLPT_N5
ýýýýýýýýýýýý,ýýýýýýýýýýýý,N5,Genki Genki_Ln.18 JLPT JLPT_5 JLPT_N5
ýýýýýý,ýýýýýý,N5,JLPT JLPT_5 JLPT_N5
ýýýýýýýýý,ýýýýýýýýý,N5,JLPT JLPT_5 JLPT_N5
ýýýýýýýýý,ýýýýýýýýýýýý,N5,Genki Genki_Ln.17 JLPT JLPT_5 JLPT_N5
ýýýýýýýýý,ýýýýýýýýý,N5,JLPT JLPT_5 JLPT_N5
ýýýýýý,ýýýýýýýýý,N5,Genki Genki_Ln.21 JLPT JLPT_5 JLPT_N5
ýýýýýýýýý,ýýýýýýýýýýýý,N5,Genki Genki_Ln.10 JLPT JLPT_5 JLPT_N5
ýýýýýýýýý,ýýýýýýýýý,N5,JLPT JLPT_5 JLPT_N5
ýýýýýýýýýýýý,ýýýýýýýýýýýý,N5,Genki Genki_Ln.17 JLPT JLPT_5 JLPT_N5
ýýýýýýýýýýýý,ýýýýýýýýýýýý,N5,JLPT JLPT_5 JLPT_N5
ýýýýýýýýýýýý,ýýýýýýýýýýýý,N5,Genki Genki_Ln.3 JLPT JLPT_5 JLPT_N5
ýýýýýýýýý,ýýýýýýýýý,N5,JLPT JLPT_5 JLPT_N5
ýýýýýý,ýýýýýý,N5,JLPT JLPT_3 JLPT_5 JLPT_N5
ýýýýýý,ýýýýýý,N5,Genki Genki_Ln.17 JLPT JLPT_3 JLPT_5 JLPT_N5
ýýýýýý,ýýýýýýýýý,N5,JLPT JLPT_5 JLPT_N5
ýýý,ýýýýýý,N5,Intermediate_Japanese Intermediate_Japanese_Ln.4 JLPT JLPT_3 JLPT_5 JLPT_N5
ýýýýýý,ýýýýýýýýý,N5,Intermediate_Japanese Intermediate_Japanese_Ln.5 JLPT JLPT_5 JLPT_N5
ýýýýýýýýýýýý,ýýýýýýýýýýýý,N5,Genki Genki_Ln.13 JLPT JLPT_5 JLPT_N5
ýýýýýý,ýýýýýýýýýýýý,N5,JLPT JLPT_5 JLPT_N5
ýýýýýý,ýýýýýýýýý,N5,Intermediate_Japanese Intermediate_Japanese_Ln.9 JLPT JLPT_5 JLPT_N5
ýýýýýý,ýýýýýýýýý,N5,Genki Genki_Ln.12 Intermediate_Japanese Intermediate_Japanese_Ln.15 JLPT JLPT_5 JLPT_N5
ýýýýýý,ýýýýýý,N5,JLPT JLPT_5 JLPT_N5
ýýý,ýýýýýý,N5,JLPT JLPT_5 JLPT_N5
ýýýýýý,ýýýýýýýýýýýý,N5,Genki Genki_Ln.9 Intermediate_Japanese Intermediate_Japanese_Ln.1 JLPT JLPT_5 JLPT_N5
ýýýýýý,ýýýýýýýýýýýýýýý,N5,Genki Genki_Ln.4 JLPT JLPT_5 JLPT_N5
ýýýýýý,ýýýýýýýýýýýý,N5,Genki Genki_Ln.1 JLPT JLPT_5 JLPT_N5
ýýýýýý,ýýýýýýýýýýýý,N5,Intermediate_Japanese Intermediate_Japanese_Ln.11 JLPT JLPT_3 JLPT_5 JLPT_N5
ýýýýýý,ýýýýýýýýý,N5,Genki Genki_Ln.13 Intermediate_Japanese Intermediate_Japanese_Ln.3 JLPT JLPT_5 JLPT_N5
ýýýýýý; ýýýýýýýýýýýý,ýýýýýý; ýýýýýýýýýýýý,N5,JLPT JLPT_5 JLPT_N5
ýýýýýý,ýýýýýýýýý (ýýýýýý),N5,JLPT JLPT_3 JLPT_5 JLPT_N5
ýýýýýýýýýýýý; ýýýýýýýýý,ýýýýýýýýýýýý; ýýýýýýýýý,N5,JLPT JLPT_5 JLPT_N5
ýýýýýý,ýýýýýý,N5,Genki Genki_Ln.4 JLPT JLPT_2 JLPT_3 JLPT_5 JLPT_N5
ýýýýýýýýý,ýýýýýýýýý,N5,JLPT JLPT_5 JLPT_N5
ýýýýýýýýý,ýýýýýýýýý,N5,JLPT JLPT_5 JLPT_N5
ýýý,ýýýýýý,N5,Genki Genki_Ln.18 Intermediate_Japanese Intermediate_Japanese_Ln.2 JLPT JLPT_5 JLPT_N5
ýýýýýý,ýýýýýý,N5,JLPT JLPT_3 JLPT_5 JLPT_N5
ýýýýýý,ýýýýýý,N5,Genki Genki_Ln.15 JLPT JLPT_3 JLPT_5 JLPT_N5
ýýý,ýýýýýý,N5,JLPT JLPT_5 JLPT_N5
ýýýýýý,ýýýýýý,N5,Genki Genki_Ln.2 JLPT JLPT_3 JLPT_5 JLPT_N5
ýýýýýýýýýýýý,ýýýýýýýýýýýý,N5,Intermediate_Japanese Intermediate_Japanese_Ln.1 JLPT JLPT_5 JLPT_N5
ýýýýýýýýýýýý,ýýýýýýýýýýýý,N5,JLPT JLPT_5 JLPT_N5
ýýýýýý,ýýýýýýýýý,N5,JLPT JLPT_5 JLPT_N5
ýýýýýý,ýýýýýýýýýýýý,N5,Genki Genki_Ln.1 JLPT JLPT_5 JLPT_N5
ýýýýýýýýý,ýýýýýýýýýýýýýýý,N5,JLPT JLPT_5 JLPT_N5
ýýýýýýýýý,ýýýýýýýýýýýýýýýýýý,N5,Genki Genki_Ln.5 Intermediate_Japanese Intermediate_Japanese_Ln.3 JLPT JLPT_5 JLPT_N5
ýýýýýýýýý,ýýýýýýýýýýýý,N5,JLPT JLPT_5 JLPT_N5
ýýýýýý,ýýýýýýýýýýýý,N5,JLPT JLPT_5 JLPT_N5
ýýýýýý,ýýýýýýýýýýýýýýý,N5,JLPT JLPT_5 JLPT_N5
ýýýýýý,ýýýýýýýýýýýý,N5,JLPT JLPT_3 JLPT_5 JLPT_N5
ýýýýýý,ýýýýýýýýý,N5,Genki Genki_Ln.2 JLPT JLPT_5 JLPT_N5
ýýýýýýýýý,ýýýýýýýýý,N5,JLPT JLPT_1 JLPT_5 JLPT_N5
ýýýýýý,ýýýýýýýýýýýý,N5,JLPT JLPT_5 JLPT_N5
ýýýýýýýýýýýý,ýýýýýýýýýýýý,N5,JLPT JLPT_5 JLPT_N5
ýýýýýý,ýýýýýý,N5,Genki Genki_Ln.16 JLPT JLPT_5 JLPT_N5
ýýýýýýýýý,ýýýýýýýýý,N5,JLPT JLPT_5 JLPT_N5
ýýýýýý,ýýýýýý,N5,Genki Genki_Ln.6 JLPT JLPT_3 JLPT_5 JLPT_N5
ýýýýýý,ýýýýýý,N5,JLPT JLPT_3 JLPT_5 JLPT_N5
ýýýýýý,ýýýýýýýýýýýý,N5,Intermediate_Japanese Intermediate_Japanese_Ln.5 JLPT JLPT_5 JLPT_N5
ýýýýýýýýý,ýýýýýýýýýýýý,N5,Genki Genki_Ln.5 JLPT JLPT_5 JLPT_N5
ýýýýýý,ýýýýýýýýý,N5,Genki Genki_Ln.18 Intermediate_Japanese Intermediate_Japanese_Ln.3 JLPT JLPT_5 JLPT_N5
ýýýýýýýýý,ýýýýýýýýý,N5,JLPT JLPT_5 JLPT_N5
ýýýýýý,ýýýýýýýýý,N5,Genki Genki_Ln.12 Intermediate_Japanese Intermediate_Japanese_Ln.2 JLPT JLPT_3 JLPT_5 JLPT_N5
ýýýýýýýýý,ýýýýýýýýýýýý,N5,Genki Genki_Ln.5 JLPT JLPT_5 JLPT_N5
ýýýýýýýýý,ýýýýýýýýý,N5,JLPT JLPT_5 JLPT_N5
ýýý,ýýýýýýýýý,N5,Intermediate_Japanese Intermediate_Japanese_Ln.6 JLPT JLPT_5 JLPT_N5
ýýý,ýýýýýý,N5,Genki Genki_Ln.2 JLPT JLPT_5 JLPT_N5
ýýýýýý,ýýýýýýýýý,N5,JLPT JLPT_3 JLPT_5 JLPT_N5
ýýýýýýýýý,ýýýýýýýýýýýýýýýýýý,N5,Genki Genki_Ln.5 JLPT JLPT_5 JLPT_N5
ýýýýýý,ýýýýýýýýýýýý,N5,JLPT JLPT_5 JLPT_N5
ýýýýýýýýý,ýýýýýýýýýýýý,N5,Genki Genki_Ln.5 JLPT JLPT_5 JLPT_N5
ýýýýýýýýý,ýýýýýýýýýýýý,N5,JLPT JLPT_5 JLPT_N5
ýýýýýý,ýýýýýýýýý,N5,Genki Genki_Ln.13 JLPT JLPT_5 JLPT_N5
ýýýýýý,ýýýýýýýýý,N5,Genki Genki_Ln.23 Intermediate_Japanese Intermediate_Japanese_Ln.1 JLPT JLPT_5 JLPT_N5
ýýýýýý,ýýýýýýýýý,N5,Intermediate_Japanese Intermediate_Japanese_Ln.1 JLPT JLPT_5 JLPT_N5
ýýýýýýýýý,ýýýýýýýýýýýý,N5,Genki Genki_Ln.10 JLPT JLPT_5 JLPT_N5
ýýýýýý,ýýýýýý,N5,Genki Genki_Ln.15 Intermediate_Japanese Intermediate_Japanese_Ln.12 JLPT JLPT_5 JLPT_N5
ýýý,ýýýýýý,N5,Genki Genki_Ln.7 JLPT JLPT_5 JLPT_N5
ýýýýýý,ýýýýýýýýýýýý,N5,JLPT JLPT_5 JLPT_N5
ýýýýýý,ýýýýýýýýýýýý,N5,JLPT JLPT_5 JLPT_N5
ýýýýýý,ýýýýýýýýýýýý,N5,JLPT JLPT_5 JLPT_N5
ýýýýýý,ýýýýýýýýýýýý,N5,JLPT JLPT_5 JLPT_N5
ýýýýýýýýýýýý,ýýýýýýýýýýýý,N5,Genki Genki_Ln.3 JLPT JLPT_2 JLPT_5 JLPT_N5
ýýýýýý,ýýýýýýýýýýýý,N5,JLPT JLPT_5 JLPT_N5
ýýýýýý,ýýýýýýýýý,N5,JLPT JLPT_5 JLPT_N5
ýýýýýýýýý,ýýýýýýýýýýýý,N5,Genki Genki_Ln.11 Intermediate_Japanese Intermediate_Japanese_Ln.10 JLPT JLPT_5 JLPT_N5
ýýý,ýýýýýý,N5,Genki Genki_Ln.6 JLPT JLPT_5 JLPT_N5
ýýýýýý,ýýýýýý,N5,JLPT JLPT_3 JLPT_5 JLPT_N5
ýýý,ýýýýýýýýý,N5,Genki Genki_Ln.4 Intermediate_Japanese Intermediate_Japanese_Ln.10 JLPT JLPT_5 JLPT_N5
ýýýýýý,ýýýýýýýýý,N5,Genki Genki_Ln.8 JLPT JLPT_5 JLPT_N5
ýýýýýýýýý,ýýýýýýýýý,N5,JLPT JLPT_3 JLPT_4 JLPT_5 JLPT_N5
ýýýýýýýýý,ýýýýýýýýýýýý,N5,JLPT JLPT_5 JLPT_N5
ýýýýýýýýýýýýýýý,ýýýýýýýýýýýýýýý,N5,Genki Genki_Ln.5 JLPT JLPT_5 JLPT_N5
ýýýýýýýýý,ýýýýýýýýýýýý,N5,Genki Genki_Ln.10 JLPT JLPT_5 JLPT_N5
ýýýýýý,ýýýýýýýýý,N5,Genki Genki_Ln.17 Intermediate_Japanese Intermediate_Japanese_Ln.13 JLPT JLPT_5 JLPT_N5
ýýý,ýýý,N5,JLPT JLPT_5 JLPT_N5
ýýýýýýýýý,ýýýýýýýýý,N5,Genki Genki_Ln.2 JLPT JLPT_5 JLPT_N5
ýýýýýýýýýýýýýýýýýýýýýýýý,ýýýýýýýýýýýýýýýýýýýýýýýý,N5,JLPT JLPT_5 JLPT_N5
ýýýýýýýýýýýý,ýýýýýýýýýýýý,N5,JLPT JLPT_5 JLPT_N5
ýýýýýýýýýýýý,ýýýýýýýýýýýý,N5,Genki Genki_Ln.5 JLPT JLPT_5 JLPT_N5
ýýýýýý,ýýýýýýýýý,N5,Genki Genki_Ln.4 JLPT JLPT_5 JLPT_N5
ýýýýýýýýý,ýýýýýýýýý,N5,JLPT JLPT_3 JLPT_4 JLPT_5 JLPT_N5
ýýýýýý,ýýýýýýýýý,N5,Intermediate_Japanese Intermediate_Japanese_Ln.7 JLPT JLPT_5 JLPT_N5
ýýýýýýýýý,ýýýýýýýýý,N5,Genki Genki_Ln.5 JLPT JLPT_5 JLPT_N5
ýýýýýý,ýýýýýý,N5,JLPT JLPT_3 JLPT_5 JLPT_N5
ýýýýýýýýýýýý,ýýýýýýýýýýýý,N5,Genki Genki_Ln.4 JLPT JLPT_5 JLPT_N5
ýýýýýý,ýýýýýý,N5,JLPT JLPT_3 JLPT_5 JLPT_N5
ýýýýýý,ýýýýýý,N5,JLPT JLPT_5 JLPT_N5
ýýýýýýýýý,ýýýýýýýýý,N5,Genki Genki_Ln.3 JLPT JLPT_5 JLPT_N5
ýýýýýý,ýýýýýýýýý,N5,Genki Genki_Ln.5 JLPT JLPT_5 JLPT_N5
ýýýýýý,ýýýýýýýýý,N5,Genki Genki_Ln.6 JLPT JLPT_5 JLPT_N5
ýýýýýý,ýýýýýýýýýýýý,N5,Genki Genki_Ln.6 JLPT JLPT_5 JLPT_N5
ýýýýýý,ýýýýýýýýý,N5,Genki Genki_Ln.1 JLPT JLPT_5 JLPT_N5
ýýý,ýýý,N5,JLPT JLPT_5 JLPT_N5
ýýýýýý,ýýýýýý,N5,JLPT JLPT_1 JLPT_5 JLPT_N5
ýýýýýý,ýýýýýý,N5,JLPT JLPT_5 JLPT_N5
ýýýýýýýýý,ýýýýýýýýý,N5,Intermediate_Japanese Intermediate_Japanese_Ln.10 JLPT JLPT_5 JLPT_N5
ýýýýýý,ýýýýýý,N5,JLPT JLPT_5 JLPT_N5
ýýýýýýýýýýýý,ýýýýýýýýýýýý,N5,Genki Genki_Ln.4 JLPT JLPT_5 JLPT_N5
ýýýýýýýýý,ýýýýýýýýý,N5,JLPT JLPT_5 JLPT_N5
ýýýýýý,ýýýýýýýýýýýý,N5,Intermediate_Japanese Intermediate_Japanese_Ln.10 JLPT JLPT_5 JLPT_N5
ýýýýýýýýý,ýýýýýýýýý,N5,Genki Genki_Ln.2 Intermediate_Japanese Intermediate_Japanese_Ln.1 JLPT JLPT_5 JLPT_N5
ýýý,(ï¿½ï¿½ï¿½ï¿½ï¿,N5,Genki Genki_Ln.9 JLPT JLPT_3 JLPT_5 JLPT_N5
ýýýýýý,ýýýýýýýýý,N5,Genki Genki_Ln.21 JLPT JLPT_5 JLPT_N5
ýýýýýý,ýýýýýýýýý,N5,Genki Genki_Ln.13 JLPT JLPT_5 JLPT_N5
ýýýýýý,ýýýýýýýýý,N5,JLPT JLPT_3 JLPT_5 JLPT_N5
ýýýýýý,ýýýýýýýýýýýý,N5,Genki Genki_Ln.3 JLPT JLPT_5 JLPT_N5
ýýýýýý,ýýýýýýýýý,N5,Genki Genki_Ln.2 Intermediate_Japanese Intermediate_Japanese_Ln.2 JLPT JLPT_5 JLPT_N5
ýýýýýý,ýýýýýý,N5,Genki Genki_Ln.2 JLPT JLPT_5 JLPT_N5
ýýý,ýýýýýýýýý,N5,Genki Genki_Ln.8 Intermediate_Japanese Intermediate_Japanese_Ln.1 JLPT JLPT_5 JLPT_N5
ýýý,ýýýýýý,N5,JLPT JLPT_3 JLPT_5 JLPT_N5
ýýýýýýýýý,ýýýýýýýýýýýýýýý,N5,Genki Genki_Ln.2 Intermediate_Japanese Intermediate_Japanese_Ln.5 JLPT JLPT_5 JLPT_N5
ýýýýýýýýý,ýýýýýýýýý,N5,Genki Genki_Ln.10 Genki_Ln.19 JLPT JLPT_5 JLPT_N5
ýýýýýýýýý,ýýýýýýýýý,N5,Genki Genki_Ln.10 JLPT JLPT_5 JLPT_N5
ýýýýýýýýý,ýýýýýýýýý,N5,Genki Genki_Ln.5 Intermediate_Japanese Intermediate_Japanese_Ln.1 JLPT JLPT_3 JLPT_5 JLPT_N5
ýýýýýýýýý,ýýýýýýýýý,N5,JLPT JLPT_5 JLPT_N5
ýýý,ýýýýýýýýý,N5,Intermediate_Japanese Intermediate_Japanese_Ln.1 JLPT JLPT_5 JLPT_N5
ýýýýýý,ýýýýýý,N5,JLPT JLPT_5 JLPT_N5
ýýýýýý,ýýýýýý,N5,JLPT JLPT_5 JLPT_N5
ýýýýýýýýý,ýýýýýýýýý,N5,JLPT JLPT_5 JLPT_N5
ýýýýýý,ýýýýýýýýýýýý,N5,Genki Genki_Ln.1 Intermediate_Japanese Intermediate_Japanese_Ln.1 JLPT JLPT_5 JLPT_N5
ýýýýýýýýý,ýýýýýýýýýýýý,N5,Genki Genki_Ln.3 JLPT JLPT_3 JLPT_5 JLPT_N5
ýýý,ýýýýýý,N5,Intermediate_Japanese Intermediate_Japanese_Ln.6 JLPT JLPT_5 JLPT_N5
ýýýýýý,ýýýýýýýýýýýý,N5,JLPT JLPT_5 JLPT_N5
ýýýýýý,ýýýýýý,N5,Genki Genki_Ln.11 Intermediate_Japanese Intermediate_Japanese_Ln.1 JLPT JLPT_5 JLPT_N5
ýýýýýý,ýýýýýý,N5,JLPT JLPT_5 JLPT_N5
ýýýýýý,ýýýýýý,N5,Genki Genki_Ln.2 JLPT JLPT_3 JLPT_5 JLPT_N5
ýýýýýýýýý,ýýýýýýýýý,N5,JLPT JLPT_3 JLPT_5 JLPT_N5
ýýýýýý,ýýýýýý,N5,JLPT JLPT_5 JLPT_N5
ýýýýýýýýý,ýýýýýýýýý,N5,JLPT JLPT_5 JLPT_N5
ýýý,ýýýýýý,N5,JLPT JLPT_3 JLPT_5 JLPT_N5
ýýýýýý,ýýýýýýýýý,N5,Genki Genki_Ln.7 Intermediate_Japanese Intermediate_Japanese_Ln.4 JLPT JLPT_2 JLPT_5 JLPT_N5
ýýýýýý,ýýýýýý,N5,JLPT JLPT_5 JLPT_N5
ýýýýýýýýý,ýýýýýýýýý,N5,JLPT JLPT_3 JLPT_5 JLPT_N5
ýýýýýý,ýýýýýý,N5,Genki Genki_Ln.19 JLPT JLPT_5 JLPT_N5
ýýý,ýýýýýý,N5,Genki Genki_Ln.8 Intermediate_Japanese Intermediate_Japanese_Ln.4 JLPT JLPT_5 JLPT_N5
ýýýýýýýýý,ýýýýýýýýýýýýýýý,N5,JLPT JLPT_5 JLPT_N5
ýýýýýýýýý,ýýýýýýýýý,N5,JLPT JLPT_3 JLPT_5 JLPT_N5
ýýýýýý,ýýýýýýýýý,N5,Genki Genki_Ln.9 JLPT JLPT_3 JLPT_5 JLPT_N5
ýýý,ýýýýýý; ýýýýýý,N5,Genki Genki_Ln.1 JLPT JLPT_3 JLPT_5 JLPT_N5
ýýýýýý,ýýýýýýýýý,N5,Genki Genki_Ln.13 JLPT JLPT_5 JLPT_N5
ýýýýýý,ýýýýýýýýý,N5,Genki Genki_Ln.1 JLPT JLPT_5 JLPT_N5
ýýýýýý,ýýýýýýýýý,N5,Genki Genki_Ln.11 JLPT JLPT_5 JLPT_N5
ýýýýýý,ýýýýýýýýý,N5,Intermediate_Japanese Intermediate_Japanese_Ln.7 JLPT JLPT_5 JLPT_N5
ýýýýýýýýý,ýýýýýýýýýýýý,N5,Intermediate_Japanese Intermediate_Japanese_Ln.15 JLPT JLPT_5 JLPT_N5
ýýýýýý,ýýýýýý,N5,Genki Genki_Ln.10 JLPT JLPT_3 JLPT_5 JLPT_N5
ýýýýýý,ýýýýýýýýý,N5,JLPT JLPT_5 JLPT_N5
ýýý,ýýý,N5,JLPT JLPT_5 JLPT_N5
ýýýýýýýýýýýý,ýýýýýýýýýýýý,N5,JLPT JLPT_5 JLPT_N5
ýýý,ýýýýýý,N5,Genki Genki_Ln.2 JLPT JLPT_5 JLPT_N5
ýýý,ýýýýýý,N5,JLPT JLPT_5 JLPT_N5
ýýýýýý,ýýýýýýýýý,N5,JLPT JLPT_5 JLPT_N5
ýýýýýýýýý,ýýýýýýýýýýýýýýý,N5,Genki Genki_Ln.3 JLPT JLPT_3 JLPT_5 JLPT_N5
ýýýýýý,ýýýýýýýýý,N5,Genki Genki_Ln.6 Intermediate_Japanese Intermediate_Japanese_Ln.6 JLPT JLPT_5 JLPT_N5
ýýýýýýýýýýýý,ýýýýýýýýýýýý,N5,Genki Genki_Ln.17 JLPT JLPT_5 JLPT_N5
ýýý,ýýýýýý,N5,Genki Genki_Ln.15 JLPT JLPT_5 JLPT_N5
ýýýýýý,ýýýýýýýýý,N5,JLPT JLPT_5 JLPT_N5
ýýýýýý,ýýýýýý,N5,Genki Genki_Ln.17 JLPT JLPT_5 JLPT_N5
ýýýýýý,ýýýýýýýýý,N5,JLPT JLPT_3 JLPT_5 JLPT_N5
ýýýýýýýýýýýý,ýýýýýýýýýýýý,N5,Genki Genki_Ln.14 JLPT JLPT_5 JLPT_N5
ýýý,ýýýýýý,N5,Genki Genki_Ln.4 JLPT JLPT_5 JLPT_N5
ýýýýýý,ýýýýýý,N5,Genki Genki_Ln.3 Intermediate_Japanese Intermediate_Japanese_Ln.2 JLPT JLPT_5 JLPT_N5
ýýýýýý,ýýýýýýýýý,N5,JLPT JLPT_5 JLPT_N5
ýýýýýýýýý,ýýýýýýýýý,N5,Genki Genki_Ln.2 JLPT JLPT_5 JLPT_N5
ýýýýýý,ýýýýýýýýý,N5,JLPT JLPT_3 JLPT_5 JLPT_N5
ýýýýýýýýý,ýýýýýýýýýýýý,N5,Genki Genki_Ln.5 JLPT JLPT_5 JLPT_N5
ýýýýýý,ýýýýýý,N5,JLPT JLPT_5 JLPT_N5
ýýýýýý,ýýýýýý,N5,JLPT JLPT_3 JLPT_5 JLPT_N5
ýýý,ýýý,N5,Genki Genki_Ln.12 Intermediate_Japanese Intermediate_Japanese_Ln.12 JLPT JLPT_5 JLPT_N5
ýýýýýýýýýýýýýýý,ýýýýýýýýýýýýýýý,N5,Genki Genki_Ln.8 JLPT JLPT_5 JLPT_N5
ýýýýýý,ýýýýýý,N5,Genki Genki_Ln.1 JLPT JLPT_3 JLPT_5 JLPT_N5
ýýýýýý,ýýýýýýýýý,N5,JLPT JLPT_5 JLPT_N5
ýýýýýý,ýýýýýýýýýýýý,N5,JLPT JLPT_5 JLPT_N5
ýýýýýý,ýýýýýýýýý,N5,JLPT JLPT_5 JLPT_N5
ýýýýýý,ýýýýýýýýý,N5,Genki Genki_Ln.5 JLPT JLPT_5 JLPT_N5
ýýýýýý,ýýýýýý,N5,Genki Genki_Ln.7 JLPT JLPT_3 JLPT_5 JLPT_N5
ýýý,ýýýýýý,N5,JLPT JLPT_5 JLPT_N5
ýýý,ýýýýýý,N5,JLPT JLPT_3 JLPT_5 JLPT_N5
ýýý,ýýýýýý,N5,Genki Genki_Ln.8 JLPT JLPT_3 JLPT_5 JLPT_N5
ýýýýýýýýý,ýýýýýýýýýýýý,N5,Genki Genki_Ln.9 JLPT JLPT_5 JLPT_N5
ýýýýýý; ýýýýýý,ýýýýýýýýý,N5,JLPT JLPT_3 JLPT_5 JLPT_N5
ýýýýýýýýý,ýýýýýýýýýýýý,N5,Genki Genki_Ln.12 Intermediate_Japanese Intermediate_Japanese_Ln.1 JLPT JLPT_5 JLPT_N5
ýýýýýý,ýýýýýýýýý,N5,Genki Genki_Ln.22 Intermediate_Japanese Intermediate_Japanese_Ln.10 JLPT JLPT_5 JLPT_N5
ýýýýýý,ýýýýýý,N5,Genki Genki_Ln.5 Intermediate_Japanese Intermediate_Japanese_Ln.10 JLPT JLPT_1 JLPT_5 JLPT_N5
ýýýýýýýýý,ýýýýýýýýý,N5,JLPT JLPT_5 JLPT_N5
ýýýýýýýýý,ýýýýýýýýý,N5,JLPT JLPT_3 JLPT_5 JLPT_N5
ýýýýýý,ýýýýýýýýýýýý,N5,Genki Genki_Ln.11 Intermediate_Japanese Intermediate_Japanese_Ln.9 JLPT JLPT_5 JLPT_N5
ýýý,ýýýýýý,N5,JLPT JLPT_5 JLPT_N5
ýýýýýýýýý,ýýýýýýýýý,N5,JLPT JLPT_5 JLPT_N5
ýýý,ýýýýýý,N5,JLPT JLPT_5 JLPT_N5
ýýý,ýýýýýý,N5,JLPT JLPT_5 JLPT_N5
ýýý,ýýýýýýýýý,N5,Genki Genki_Ln.19 JLPT JLPT_5 JLPT_N5
ýýýýýý,ýýýýýýýýý,N5,JLPT JLPT_3 JLPT_5 JLPT_N5
ýýý,ýýýýýý,N5,Genki Genki_Ln.14 JLPT JLPT_5 JLPT_N5
ýýýýýý,ýýýýýýýýý,N5,Genki Genki_Ln.3 JLPT JLPT_5 JLPT_N5
ýýýýýý,ýýýýýýýýý,N5,Genki Genki_Ln.7 Intermediate_Japanese Intermediate_Japanese_Ln.4 JLPT JLPT_5 JLPT_N5
ýýý,ýýýýýý,N5,Genki Genki_Ln.10 Intermediate_Japanese Intermediate_Japanese_Ln.4 JLPT JLPT_3 JLPT_5 JLPT_N5
ýýýýýý,ýýýýýý,N5,Genki Genki_Ln.21 Intermediate_Japanese Intermediate_Japanese_Ln.3 JLPT JLPT_3 JLPT_5 JLPT_N5
ýýýýýý,ýýýýýý,N5,Genki Genki_Ln.12 JLPT JLPT_5 JLPT_N5
ýýýýýýýýý,ýýýýýýýýý,N5,Genki Genki_Ln.19 JLPT JLPT_5 JLPT_N5
ýýý,ýýýýýý,N5,Genki Genki_Ln.1 JLPT JLPT_3 JLPT_5 JLPT_N5
ýýý,ýýýýýý,N5,JLPT JLPT_3 JLPT_5 JLPT_N5
ýýýýýý,ýýýýýýýýý,N5,JLPT JLPT_5 JLPT_N5
ýýýýýý,ýýýýýý,N5,Genki Genki_Ln.4 JLPT JLPT_5 JLPT_N5
ýýýýýýýýýýýý,ýýýýýýýýýýýý,N5,JLPT JLPT_5 JLPT_N5
ýýýýýý,ýýýýýýýýýýýý,N5,Genki Genki_Ln.1 JLPT JLPT_5 JLPT_N5
ýýýýýýýýý,ýýýýýýýýýýýýýýý,N5,Genki Genki_Ln.3 JLPT JLPT_5 JLPT_N5
ýýýýýý,ýýýýýýýýýýýý,N5,JLPT JLPT_5 JLPT_N5
ýýý,ýýýýýýýýý,N5,JLPT JLPT_5 JLPT_N5
ýýýýýý,ýýýýýýýýý,N5,JLPT JLPT_5 JLPT_N5
ýýýýýý,ýýýýýý,N5,JLPT JLPT_2 JLPT_3 JLPT_5 JLPT_N5
ýýýýýý,ýýýýýý,N5,Genki Genki_Ln.9 JLPT JLPT_3 JLPT_5 JLPT_N5
ýýýýýý,ýýýýýýýýý,N5,JLPT JLPT_5 JLPT_N5
ýýýýýýýýý,ýýýýýýýýýýýý,N5,Genki Genki_Ln.5 Intermediate_Japanese Intermediate_Japanese_Ln.1 JLPT JLPT_5 JLPT_N5
ýýý,ýýýýýýýýý,N5,JLPT JLPT_5 JLPT_N5
ýýý,ýýýýýý,N5,Genki Genki_Ln.4 JLPT JLPT_5 JLPT_N5
ýýýýýý,ýýýýýýýýý,N5,Genki Genki_Ln.9 JLPT JLPT_5 JLPT_N5
ýýýýýý,ýýýýýýýýýýýý,N5,JLPT JLPT_5 JLPT_N5
ýýýýýý,ýýýýýýýýý,N5,Genki Genki_Ln.7 JLPT JLPT_3 JLPT_5 JLPT_N5
ýýý,ýýýýýý,N5,JLPT JLPT_5 JLPT_N5
ýýý,ýýýýýýýýý,N5,JLPT JLPT_5 JLPT_N5
ýýýýýý,ýýýýýýýýýýýýýýý,N5,Genki Genki_Ln.4 JLPT JLPT_5 JLPT_N5
ýýýýýý,ýýýýýýýýýýýý,N5,Genki Genki_Ln.9 Intermediate_Japanese Intermediate_Japanese_Ln.2 JLPT JLPT_5 JLPT_N5
ýýýýýýýýý,ýýýýýýýýýýýý,N5,JLPT JLPT_5 JLPT_N5
ýýý,ýýýýýý,N5,JLPT JLPT_5 JLPT_N5
ýýýýýýýýý,ýýýýýýýýýýýýýýý,N5,Genki Genki_Ln.3 JLPT JLPT_5 JLPT_N5
ýýýýýý,ýýýýýýýýý,N5,Genki Genki_Ln.15 Intermediate_Japanese Intermediate_Japanese_Ln.15 JLPT JLPT_5 JLPT_N5
ýýýýýýýýýýýý,ýýýýýýýýýýýý,N5,JLPT JLPT_5 JLPT_N5
ýýýýýý,ýýýýýýýýýýýý,N5,Intermediate_Japanese Intermediate_Japanese_Ln.3 JLPT JLPT_5 JLPT_N5
ýýýýýýýýý,ýýýýýýýýý,N5,Genki Genki_Ln.15 JLPT JLPT_5 JLPT_N5
ýýýýýýýýýýýý,ýýýýýýýýýýýý,N5,JLPT JLPT_5 JLPT_N5
ýýýýýý,ýýýýýý,N5,Genki Genki_Ln.22 JLPT JLPT_3 JLPT_5 JLPT_N5
ýýý,ýýýýýý,N5,Genki Genki_Ln.12 JLPT JLPT_3 JLPT_5 JLPT_N5
ýýýýýý,ýýýýýýýýý,N5,Genki Genki_Ln.9 JLPT JLPT_5 JLPT_N5
ýýýýýý,ýýýýýýýýýýýý,N5,JLPT JLPT_5 JLPT_N5
ýýýýýý,ýýýýýýýýý,N5,Genki Genki_Ln.7 JLPT JLPT_5 JLPT_N5
ýýýýýý,ýýýýýýýýý,N5,Genki Genki_Ln.13 JLPT JLPT_5 JLPT_N5
ýýýýýý,ýýýýýýýýý,N5,JLPT JLPT_5 JLPT_N5
ýýý,ýýýýýý,N5,Genki Genki_Ln.8 Intermediate_Japanese Intermediate_Japanese_Ln.4 JLPT JLPT_5 JLPT_N5
ýýýýýý,ýýýýýý,N5,Intermediate_Japanese Intermediate_Japanese_Ln.2 JLPT JLPT_3 JLPT_5 JLPT_N5
ýýýýýý,ýýýýýýýýý,N5,Genki Genki_Ln.5 JLPT JLPT_5 JLPT_N5
ýýýýýý,ýýýýýýýýý,N5,JLPT JLPT_5 JLPT_N5
ýýýýýý,ýýýýýýýýýýýýýýý,N5,JLPT JLPT_5 JLPT_N5
ýýýýýýýýý,ýýýýýýýýý,N5,Genki Genki_Ln.6 JLPT JLPT_5 JLPT_N5
ýýýýýý,ýýýýýý,N5,JLPT JLPT_5 JLPT_N5
ýýýýýýýýý,ýýýýýýýýý,N5,JLPT JLPT_5 JLPT_N5
ýýýýýýýýý,ýýýýýýýýý,N5,Genki Genki_Ln.15 JLPT JLPT_3 JLPT_5 JLPT_N5
ýýýýýý,ýýýýýý,N5,Genki Genki_Ln.5 Intermediate_Japanese Intermediate_Japanese_Ln.2 JLPT JLPT_5 JLPT_N5
ýýý,ýýýýýý,N5,JLPT JLPT_5 JLPT_N5
ýýýýýý,ýýýýýý,N5,Genki Genki_Ln.2 JLPT JLPT_5 JLPT_N5
ýýýýýý,ýýýýýýýýýýýýýýý (ýýýýýý),N5,JLPT JLPT_3 JLPT_5 JLPT_N5
ýýýýýý,ýýýýýýýýý,N5,JLPT JLPT_5 JLPT_N5
ýýýýýý,ýýýýýýýýý,N5,Genki Genki_Ln.2 JLPT JLPT_5 JLPT_N5
ýýýýýýýýýýýýýýý,ýýýýýýýýýýýýýýý,N5,JLPT JLPT_5 JLPT_N5
ýýý,ýýýýýý,N5,JLPT JLPT_3 JLPT_5 JLPT_N5
ýýýýýýýýýýýý,ýýýýýýýýýýýý,N5,JLPT JLPT_5 JLPT_N5
ýýýýýýýýý,ýýýýýýýýý,N5,JLPT JLPT_5 JLPT_N5
ýýýýýýýýý,ýýýýýýýýý,N5,JLPT JLPT_5 JLPT_N5
ýýýýýý,ýýýýýýýýý,N5,JLPT JLPT_5 JLPT_N5
ýýýýýýýýý,ýýýýýýýýý,N5,JLPT JLPT_5 JLPT_N5
ýýýýýýýýý,ýýýýýýýýý,N5,Genki Genki_Ln.4 JLPT JLPT_5 JLPT_N5
ýýý,ýýýýýý,N5,Genki Genki_Ln.2 JLPT JLPT_5 JLPT_N5
ýýýýýý,ýýýýýýýýý,N5,JLPT JLPT_2 JLPT_5 JLPT_N5
ýýýýýý,ýýýýýýýýýýýý,N5,JLPT JLPT_5 JLPT_N5
ýýýýýý,ýýýýýýýýýýýý,N5,JLPT JLPT_3 JLPT_5 JLPT_N5
ýýýýýý,ýýýýýýýýý,N5,JLPT JLPT_5 JLPT_N5
ýýýýýý,ýýýýýýýýýýýý,N5,Genki Genki_Ln.19 JLPT JLPT_5 JLPT_N5
ýýýýýý,ýýýýýýýýýýýý; ýýýýýýýýýýýý,N5,JLPT JLPT_5 JLPT_N5
ýýýýýý,ýýýýýýýýýýýýýýý,N5,Genki Genki_Ln.8 JLPT JLPT_5 JLPT_N5
ýýýýýý,ýýýýýýýýýýýý,N5,Genki Genki_Ln.3 JLPT JLPT_5 JLPT_N5
ýýýýýý,ýýýýýýýýýýýý; ýýýýýýýýýýýý,N5,JLPT JLPT_5 JLPT_N5
ýýýýýý,ýýýýýýýýýýýý,N5,Genki Genki_Ln.3 JLPT JLPT_5 JLPT_N5
ýýý,ýýýýýý,N5,Genki Genki_Ln.17 JLPT JLPT_5 JLPT_N5
ýýýýýý,ýýýýýýýýý,N5,JLPT JLPT_5 JLPT_N5
ýýýýýý,ýýýýýýýýý,N5,JLPT JLPT_3 JLPT_5 JLPT_N5
ýýýýýýýýý,ýýýýýýýýý,N5,Genki Genki_Ln.23 JLPT JLPT_5 JLPT_N5
ýýýýýý,ýýýýýý,N5,Genki Genki_Ln.20 Intermediate_Japanese Intermediate_Japanese_Ln.5 JLPT JLPT_3 JLPT_5 JLPT_N5
ýýýýýý,ýýýýýý,N5,Genki Genki_Ln.19 JLPT JLPT_3 JLPT_5 JLPT_N5
ýýý,ýýýýýý,N5,Genki Genki_Ln.4 Intermediate_Japanese Intermediate_Japanese_Ln.1 JLPT JLPT_3 JLPT_5 JLPT_N5
ýýýýýý,ýýýýýý,N5,JLPT JLPT_3 JLPT_5 JLPT_N5
ýýýýýýýýýýýý,ýýýýýýýýýýýý,N5,JLPT JLPT_3 JLPT_5 JLPT_N5
ýýýýýýýýý,ýýýýýýýýý,N5,JLPT JLPT_5 JLPT_N5
ýýý,ýýýýýý,N5,Genki Genki_Ln.6 JLPT JLPT_5 JLPT_N5
ýýýýýý; ýýýýýý,ýýýýýýýýý,N5,JLPT JLPT_3 JLPT_5 JLPT_N5
ýýý,ýýýýýý,N5,JLPT JLPT_5 JLPT_N5
ýýýýýýýýý,ýýýýýýýýýýýýýýýýýý,N5,JLPT JLPT_5 JLPT_N5
ýýýýýý,ýýýýýýýýý,N5,Genki Genki_Ln.13 JLPT JLPT_5 JLPT_N5
ýýý,ýýýýýý,N5,JLPT JLPT_5 JLPT_N5
ýýýýýý,ýýýýýýýýýýýý,N5,Genki Genki_Ln.7 Intermediate_Japanese Intermediate_Japanese_Ln.11 JLPT JLPT_5 JLPT_N5
ýýý,ýýýýýý,N5,Genki Genki_Ln.3 JLPT JLPT_5 JLPT_N5
ýýý,ýýýýýý,N5,Genki Genki_Ln.13 Intermediate_Japanese Intermediate_Japanese_Ln.6 JLPT JLPT_5 JLPT_N5
ýýýýýýýýý,ýýýýýýýýý,N5,Genki Genki_Ln.16 JLPT JLPT_5 JLPT_N5
ýýý,ýýýýýý,N5,Genki Genki_Ln.16 JLPT JLPT_5 JLPT_N5
ýýýýýý,ýýýýýýýýý,N5,Genki Genki_Ln.13 JLPT JLPT_5 JLPT_N5
ýýýýýý,ýýýýýýýýý,N5,Genki Genki_Ln.9 JLPT JLPT_5 JLPT_N5
ýýý,ýýýýýýýýý,N5,JLPT JLPT_5 JLPT_N5
ýýýýýýýýý,ýýýýýýýýýýýý,N5,Intermediate_Japanese Intermediate_Japanese_Ln.4 JLPT JLPT_5 JLPT_N5
ýýý,ýýýýýýýýý,N5,Intermediate_Japanese Intermediate_Japanese_Ln.10 JLPT JLPT_5 JLPT_N5
ýýý,ýýýýýý,N5,Intermediate_Japanese Intermediate_Japanese_Ln.5 JLPT JLPT_5 JLPT_N5
ýýýýýý,ýýýýýý,N5,JLPT JLPT_3 JLPT_5 JLPT_N5
ýýýýýýýýý,ýýýýýýýýý,N5,Genki Genki_Ln.9 JLPT JLPT_3 JLPT_5 JLPT_N5
ýýýýýý,ýýýýýýýýý,N5,Genki Genki_Ln.13 JLPT JLPT_5 JLPT_N5
ýýýýýýýýý,ýýýýýýýýý,N5,JLPT JLPT_5 JLPT_N5
ýýýýýýýýý,ýýýýýýýýýýýýýýý,N5,Genki Genki_Ln.5 Intermediate_Japanese Intermediate_Japanese_Ln.2 JLPT JLPT_5 JLPT_N5
ýýýýýý,ýýýýýýýýý,N5,Genki Genki_Ln.9 JLPT JLPT_5 JLPT_N5
ýýý,ýýýýýý,N5,Intermediate_Japanese Intermediate_Japanese_Ln.10 JLPT JLPT_5 JLPT_N5
ýýý,ýýý,N5,Genki Genki_Ln.7 JLPT JLPT_3 JLPT_5 JLPT_N5
ýýýýýýýýýýýý,ýýýýýýýýýýýý,N5,JLPT JLPT_5 JLPT_N5
ýýýýýý,ýýýýýýýýý,N5,Genki Genki_Ln.7 JLPT JLPT_5 JLPT_N5
ýýýýýý,ýýýýýý,N5,Genki Genki_Ln.9 JLPT JLPT_2 JLPT_5 JLPT_N5
ýýýýýýýýý,ýýýýýýýýýýýýýýý,N5,Genki Genki_Ln.4 JLPT JLPT_3 JLPT_5 JLPT_N5
ýýýýýýýýýýýý,ýýýýýýýýýýýý,N5,Genki Genki_Ln.4 JLPT JLPT_5 JLPT_N5
ýýýýýý,ýýýýýý,N5,JLPT JLPT_5 JLPT_N5
ýýýýýýýýý,ýýýýýýýýý,N5,Genki Genki_Ln.11 JLPT JLPT_3 JLPT_5 JLPT_N5
ýýý,ýýýýýý,N5,Genki Genki_Ln.12 JLPT JLPT_3 JLPT_5 JLPT_N5
ýýý,ýýýýýý,N5,JLPT JLPT_5 JLPT_N5
ýýýýýý,ýýýýýýýýýýýý,N5,Intermediate_Japanese Intermediate_Japanese_Ln.11 JLPT JLPT_5 JLPT_N5
ýýýýýý,ýýýýýý,N5,JLPT_N5
ýýýýýýýýý,ýýýýýýýýý,N5,JLPT JLPT_5 JLPT_N5
ýýýýýý,ýýýýýýýýý,N5,Genki Genki_Ln.2 JLPT JLPT_5 JLPT_N5
ýýýýýýýýý,ýýýýýýýýýýýý,N5,JLPT JLPT_5 JLPT_N5
ýýýýýý,ýýýýýýýýý,N5,Genki Genki_Ln.5 JLPT JLPT_5 JLPT_N5
ýýýýýý,ýýýýýýýýý,N5,Genki Genki_Ln.5 JLPT JLPT_5 JLPT_N5
ýýýýýý,ýýýýýýýýý,N5,JLPT JLPT_5 JLPT_N5
ýýýýýý,ýýýýýýýýý,N5,Genki Genki_Ln.9 JLPT JLPT_5 JLPT_N5
ýýý,ýýýýýý,N5,Genki Genki_Ln.11 JLPT JLPT_5 JLPT_N5
ýýýýýý,ýýýýýý,N5,Genki Genki_Ln.21 JLPT JLPT_4 JLPT_5 JLPT_N5
ýýýýýý,ýýýýýýýýýýýý,N5,Genki Genki_Ln.18 Intermediate_Japanese Intermediate_Japanese_Ln.10 JLPT JLPT_5 JLPT_N5
ýýýýýý,ýýýýýýýýýýýý,N5,JLPT JLPT_4 JLPT_5 JLPT_N5
ýýýýýýýýý,ýýýýýýýýýýýýýýýýýýýýý,N5,Genki Genki_Ln.2 JLPT JLPT_5 JLPT_N5
ýýýýýý,ýýýýýýýýý,N5,JLPT JLPT_3 JLPT_5 JLPT_N5
ýýýýýý,ýýýýýýýýýýýý,N5,JLPT JLPT_5 JLPT_N5
ýýý,ýýýýýý,N5,Genki Genki_Ln.12 JLPT JLPT_3 JLPT_5 JLPT_N5
ýýýýýýýýýýýýýýý,ýýýýýýýýýýýýýýý,N5,JLPT JLPT_5 JLPT_N5
ýýýýýý,ýýýýýýýýý,N5,Genki Genki_Ln.13 JLPT JLPT_5 JLPT_N5
ýýýýýý,ýýýýýýýýýýýý,N5,JLPT JLPT_5 JLPT_N5
ýýýýýý,ýýýýýý,N5,Genki Genki_Ln.14 Genki_Ln.3 JLPT JLPT_5 JLPT_N5
ýýý,ýýýýýý,N5,Intermediate_Japanese Intermediate_Japanese_Ln.11 JLPT JLPT_5 JLPT_N5
ýýýýýý,ýýýýýýýýý,N5,Genki Genki_Ln.13 JLPT JLPT_5 JLPT_N5
ýýýýýý,ýýýýýýýýý,N5,Genki Genki_Ln.9 JLPT JLPT_2 JLPT_5 JLPT_N5
ýýýýýý,ýýýýýý,N5,Genki Genki_Ln.19 JLPT JLPT_3 JLPT_5 JLPT_N5
ýýýýýý,ýýýýýý,N5,JLPT JLPT_5 JLPT_N5
ýýý,ýýýýýý,N5,Genki Genki_Ln.6 JLPT JLPT_3 JLPT_5 JLPT_N5
ýýýýýý,ýýýýýýýýý,N5,JLPT JLPT_5 JLPT_N5
ýýýýýý,ýýýýýýýýýýýý,N5,Genki Genki_Ln.8 JLPT JLPT_5 JLPT_N5
ýýýýýý,ýýýýýýýýýýýýýýý,N5,Genki Genki_Ln.6 JLPT JLPT_5 JLPT_N5
ýýýýýý,ýýýýýýýýýýýý,N5,Genki Genki_Ln.6 JLPT JLPT_5 JLPT_N5
ýýýýýýýýý,ýýýýýýýýý,N5,Genki Genki_Ln.14 JLPT JLPT_5 JLPT_N5
ýýýýýýýýýýýýýýý,ýýýýýýýýýýýýýýý,N5,JLPT JLPT_5 JLPT_N5
ýýýýýýýýý,ýýýýýýýýý,N5,JLPT JLPT_3 JLPT_5 JLPT_N5
ýýýýýýýýý,ýýýýýýýýýýýýýýýýýýýýý,N5,Genki Genki_Ln.1 JLPT JLPT_5 JLPT_N5
ýýýýýý,ýýýýýýýýýýýýýýý,N5,Genki Genki_Ln.14 Intermediate_Japanese Intermediate_Japanese_Ln.1 JLPT JLPT_5 JLPT_N5
ýýýýýý,ýýýýýýýýýýýý,N5,Intermediate_Japanese Intermediate_Japanese_Ln.4 JLPT JLPT_5 JLPT_N5
ýýýýýý,ýýýýýýýýýýýý,N5,Genki Genki_Ln.5 JLPT JLPT_5 JLPT_N5
ýýý,ýýýýýý,N5,JLPT JLPT_3 JLPT_5 JLPT_N5
ýýýýýýýýý,ýýýýýýýýýýýýýýý,N5,Genki Genki_Ln.18 JLPT JLPT_5 JLPT_N5
ýýýýýýýýýýýý,ýýýýýýýýýýýý,N5,JLPT JLPT_5 JLPT_N5
ýýýýýýýýýýýýýýý,ýýýýýýýýýýýýýýý,N5,Genki Genki_Ln.4 JLPT JLPT_5 JLPT_N5
ýýýýýý,ýýýýýýýýýýýýýýý (ýýýýýý),N5,JLPT JLPT_5 JLPT_N5
ýýýýýý,ýýýýýýýýý,N5,JLPT JLPT_5 JLPT_N5
ýýý,ýýýýýý,N5,JLPT JLPT_5 JLPT_N5
ýýýýýýýýýýýýýýý,ýýýýýýýýýýýýýýý,N5,JLPT JLPT_5 JLPT_N5
ýýýýýý,ýýýýýýýýý,N5,Genki Genki_Ln.9 Intermediate_Japanese Intermediate_Japanese_Ln.1 JLPT JLPT_5 JLPT_N5
ýýýýýýýýý,ýýýýýýýýý,N5,JLPT JLPT_5 JLPT_N5
ýýýýýýýýý,ýýýýýýýýýýýý,N5,Intermediate_Japanese Intermediate_Japanese_Ln.3 JLPT JLPT_5 JLPT_N5
ýýý,ýýýýýýýýý,N5,Genki Genki_Ln.1 JLPT JLPT_5 JLPT_N5
ýýý,ýýýýýýýýýýýý,N5,Genki Genki_Ln.13 JLPT JLPT_2 JLPT_5 JLPT_N5
ýýýýýý,ýýýýýýýýý,N5,Intermediate_Japanese Intermediate_Japanese_Ln.6 JLPT JLPT_5 JLPT_N5
ýýýýýý,ýýýýýýýýý,N5,JLPT JLPT_5 JLPT_N5
ýýýýýý,ýýýýýýýýý,N5,Genki Genki_Ln.12 Intermediate_Japanese Intermediate_Japanese_Ln.3 JLPT JLPT_5 JLPT_N5
